TX_DT,First_INST_DT,Agree_No,CIF_No,Current_Time_Payment,Del_Sts,Collection_Branch,Score_Value,Score_Grade,Sub_Code,Pay_in_Full,Classification_Code,FinPlus_Code,MDD,LoanTyp_ID,Billing_OSP,Billing_Count,Collection_OSP,Collection_Count,Unpaid_OSP,Unpaid_Count
20260902,20260924,800000000000,46881809,28,0,1681,786,A,,2,,S,25,26,101317.26,1,101317.26,1,0.0,0
20260825,20260924,800000000000,46881809,53,0,1671,752,C,K,2,,F,25,26,72959.02,1,72959.02,1,0.0,0
20260902,20261108,800000000001,96352145,40,0,1698,772,A,K,2,,F,2,17,30133.04,1,30133.04,1,0.0,0
20260825,20261108,800000000001,96352145,67,0,1664,816,A,K,1,,S,10,17,18919.53,1,18919.53,1,0.0,0
20260902,20261001,800000000002,46890134,16,0,1697,726,B,,2,A,O,2,23,43354.68,1,41264.44,1,2090.24,1
20260825,20261001,800000000002,46890134,59,0,1602,816,B,,5,,S,10,23,92941.16,1,88470.92,1,4470.24,1
20260902,20261012,800000000003,54773484,50,2,1685,300,C,K,5,A,F,10,16,23169.84,1,12815.72,1,10354.12,1
20260825,20261012,800000000003,54773484,60,2,1602,417,D,K,2,A,O,10,16,83052.03,1,42919.81,1,40132.22,1
20260902,20261104,800000000004,19393589,54,0,1615,794,B,,1,,O,2,16,9124.62,1,9124.62,1,0.0,0
20260825,20261104,800000000004,19393589,60,0,1660,785,B,,1,,O,2,16,18540.5,1,18365.92,1,174.58,1
20260902,20260929,800000000005,21246542,3,1,1631,528,C,,5,B,S,18,17,24640.9,1,17190.59,1,7450.31,1
20260825,20260929,800000000005,21246542,22,1,1658,558,C,K,2,B,S,18,17,39080.1,1,25683.89,1,13396.21,1
20260902,20261113,800000000006,62034833,19,0,1675,638,A,K,2,,O,18,31,48143.99,1,48143.99,1,0.0,0
20260825,20261113,800000000006,62034833,34,0,1684,640,C,,2,,O,2,31,143309.88,1,143309.88,1,0.0,0
20260902,20261009,800000000007,18036096,47,0,1649,818,A,K,1,,S,10,35,19336.36,1,19336.36,1,0.0,0
20260825,20261009,800000000007,18036096,56,0,1699,797,B,K,2,,F,18,35,22228.85,1,22228.85,1,0.0,0
20260902,20261017,800000000008,26752539,48,0,1626,730,C,,5,A,F,10,25,54027.28,1,54027.28,1,0.0,0
20260825,20261017,800000000008,26752539,100,0,1693,686,B,,1,,S,10,25,43593.22,1,43593.22,1,0.0,0
20260902,20261013,800000000009,73038607,106,0,1647,809,C,K,1,,F,18,24,34996.23,1,34996.23,1,0.0,0
20260825,20261013,800000000009,73038607,101,0,1606,803,C,,2,A,O,25,24,14233.08,1,14233.08,1,0.0,0
20260902,20261031,800000000010,40216008,18,0,1645,847,B,K,1,,O,10,16,4081.95,1,3880.16,1,201.79,1
20260825,20261031,800000000010,40216008,19,0,1681,803,C,K,2,,S,2,16,4674.13,1,4674.13,1,0.0,0
20260902,20261104,800000000011,88852864,61,0,1647,750,B,,1,,O,25,23,27085.39,1,27085.39,1,0.0,0
20260825,20261104,800000000011,88852864,66,0,1609,763,A,,1,,S,25,23,12833.65,1,12833.65,1,0.0,0
20260902,20261008,800000000012,90822188,18,0,1687,813,A,K,5,,O,18,30,117019.19,1,117019.19,1,0.0,0
20260825,20261008,800000000012,90822188,36,0,1680,760,C,,1,,S,25,30,57724.48,1,57724.48,1,0.0,0
20260902,20261018,800000000013,70615926,64,2,1634,532,D,,1,B,O,18,33,143212.83,1,87187.77,1,56025.06,1
20260825,20261018,800000000013,70615926,90,2,1691,445,E,,2,A,O,25,33,113437.66,1,60011.74,1,53425.92,1
20260902,20261014,800000000014,19101846,12,0,1678,754,A,,5,A,O,18,16,40702.82,1,40702.82,1,0.0,0
20260825,20261014,800000000014,19101846,40,0,1625,780,B,,5,A,F,10,16,87425.16,1,87425.16,1,0.0,0
20260902,20261021,800000000015,45803474,65,0,1627,779,C,,5,,F,10,19,79158.41,1,79158.41,1,0.0,0
20260825,20261021,800000000015,45803474,34,0,1609,794,B,,2,,O,2,19,44245.21,1,44245.21,1,0.0,0
20260902,20261108,800000000016,25615418,15,0,1677,709,B,K,5,,O,10,29,14567.08,1,14567.08,1,0.0,0
20260825,20261108,800000000016,25615418,35,0,1661,646,A,K,1,,O,18,29,23052.56,1,23052.56,1,0.0,0
20260902,20261011,800000000017,12002856,58,0,1619,718,C,K,1,A,O,25,18,24765.73,1,24765.73,1,0.0,0
20260825,20261011,800000000017,12002856,82,0,1698,664,A,K,2,,S,25,18,10128.8,1,10128.8,1,0.0,0
20260902,20261101,800000000018,61799392,59,0,1671,686,A,K,2,,F,2,11,111642.02,1,111642.02,1,0.0,0
20260825,20261101,800000000018,61799392,64,0,1607,759,C,K,2,,O,2,11,69398.79,1,69398.79,1,0.0,0
20260902,20261018,800000000019,47184732,7,0,1603,751,A,,2,,S,10,17,56765.13,1,56765.13,1,0.0,0
20260825,20261018,800000000019,47184732,35,0,1604,767,C,K,1,,O,2,17,36420.42,1,36420.42,1,0.0,0
20260902,20261009,800000000020,39432371,29,4,1610,329,F,,1,C,S,2,21,42358.47,1,12156.48,1,30201.99,1
20260825,20261009,800000000020,39432371,26,4,1684,340,F,K,1,B,S,2,21,38035.06,1,10610.7,1,27424.36,1
20260902,20261023,800000000021,80244042,37,0,1613,685,C,K,1,,O,18,30,15399.48,1,15399.48,1,0.0,0
20260825,20261023,800000000021,80244042,41,0,1686,684,B,,5,A,O,10,30,60957.79,1,60957.79,1,0.0,0
20260902,20261107,800000000022,68504671,59,0,1630,685,A,K,2,A,F,10,16,3110.37,1,3110.37,1,0.0,0
20260825,20261107,800000000022,68504671,52,0,1627,827,C,K,1,A,O,18,16,3001.62,1,2984.02,1,17.6,1
20260902,20260930,800000000023,94997682,64,0,1612,705,A,K,2,A,F,2,14,16463.83,1,16463.83,1,0.0,0
20260825,20260930,800000000023,94997682,71,0,1668,722,B,,5,A,S,25,14,18869.38,1,18869.38,1,0.0,0
20260902,20261025,800000000024,58696806,67,0,1634,765,C,,2,A,S,25,33,21095.26,1,21095.26,1,0.0,0
20260825,20261025,800000000024,58696806,54,0,1648,748,A,K,5,A,S,25,33,21564.19,1,21564.19,1,0.0,0
20260902,20261002,800000000025,35945352,69,0,1606,733,A,K,2,A,F,25,33,70974.23,1,70974.23,1,0.0,0
20260825,20261002,800000000025,35945352,34,0,1656,782,A,,2,,O,25,33,29525.1,1,29525.1,1,0.0,0
20260902,20261017,800000000026,45899588,14,0,1681,676,A,,5,A,F,25,32,2201.49,1,2201.49,1,0.0,0
20260825,20261017,800000000026,45899588,24,0,1655,623,C,,5,,F,10,32,6373.68,1,6373.68,1,0.0,0
20260902,20261015,800000000027,10598056,42,0,1669,637,A,K,2,,O,2,26,76678.55,1,76678.55,1,0.0,0
20260825,20261015,800000000027,10598056,84,0,1616,683,C,,5,,S,2,26,17040.9,1,17040.9,1,0.0,0
20260902,20261031,800000000028,13657826,77,0,1666,704,A,,1,A,F,2,23,97330.74,1,97330.74,1,0.0,0
20260825,20261031,800000000028,13657826,27,0,1618,636,C,K,5,,S,25,23,84004.95,1,84004.95,1,0.0,0
20260902,20261017,800000000029,70539079,33,0,1675,827,B,K,1,A,S,18,14,38423.17,1,38423.17,1,0.0,0
20260825,20261017,800000000029,70539079,30,0,1604,777,B,K,1,,O,2,14,47059.49,1,46965.51,1,93.98,1
20260902,20261016,800000000030,85963912,35,0,1647,597,A,K,2,,S,10,19,27502.59,1,27502.59,1,0.0,0
20260825,20261016,800000000030,85963912,56,0,1638,668,A,,2,,S,10,19,31302.21,1,31302.21,1,0.0,0
20260902,20261004,800000000031,50967625,34,0,1648,704,B,K,1,A,S,25,34,105586.55,1,105586.55,1,0.0,0
20260825,20261004,800000000031,50967625,21,0,1686,602,A,K,2,,O,2,34,31855.04,1,31406.15,1,448.89,1
20260902,20261011,800000000032,85259456,33,1,1661,441,E,,5,A,S,10,27,124097.64,1,66698.4,1,57399.24,1
20260825,20261011,800000000032,85259456,29,1,1652,364,E,K,5,C,F,18,27,52278.81,1,34542.84,1,17735.97,1
20260902,20261013,800000000033,58016754,31,0,1604,642,C,K,2,,O,10,19,46863.36,1,45226.1,1,1637.26,1
20260825,20261013,800000000033,58016754,32,0,1635,696,A,K,2,,F,25,19,26994.23,1,26994.23,1,0.0,0
20260902,20261023,800000000034,93724040,72,0,1668,813,A,K,5,,O,2,23,64773.96,1,64773.96,1,0.0,0
20260825,20261023,800000000034,93724040,77,0,1686,795,C,,5,A,O,10,23,95073.44,1,95073.44,1,0.0,0
20260902,20260925,800000000035,65194100,73,0,1671,701,C,,5,,O,10,24,4735.24,1,4735.24,1,0.0,0
20260825,20260925,800000000035,65194100,101,0,1689,686,A,,2,A,O,25,24,18160.82,1,18160.82,1,0.0,0
20260902,20261007,800000000036,68444116,54,0,1611,720,A,K,1,A,S,2,30,46719.6,1,46719.6,1,0.0,0
20260825,20261007,800000000036,68444116,31,0,1650,780,A,K,2,,O,2,30,21923.4,1,21923.4,1,0.0,0
20260902,20261004,800000000037,87070268,9,0,1667,725,B,,5,,O,10,26,41003.87,1,41003.87,1,0.0,0
20260825,20261004,800000000037,87070268,21,0,1602,779,A,K,1,,S,10,26,78239.88,1,78239.88,1,0.0,0
20260902,20261011,800000000038,33868034,6,0,1664,819,A,K,5,A,O,18,20,23678.28,1,23678.28,1,0.0,0
20260825,20261011,800000000038,33868034,18,0,1612,761,A,K,5,,S,2,20,41642.38,1,41642.38,1,0.0,0
20260902,20260927,800000000039,81395438,83,1,1671,499,D,,5,C,O,18,35,78081.18,1,55089.61,1,22991.57,1
20260825,20260927,800000000039,81395438,85,1,1699,426,D,,1,C,O,10,35,86098.91,1,59997.67,1,26101.24,1
20260902,20260928,800000000040,76486379,23,0,1626,811,B,K,1,,S,10,13,95603.74,1,95603.74,1,0.0,0
20260825,20260928,800000000040,76486379,20,0,1600,767,C,K,5,,O,10,13,76600.88,1,76500.3,1,100.58,1
20260902,20261009,800000000041,57475913,42,3,1697,350,C,K,5,B,S,10,33,12664.01,1,4730.68,1,7933.33,1
20260825,20261009,800000000041,57475913,9,3,1616,441,E,K,2,C,O,2,33,8925.57,1,3934.43,1,4991.14,1
20260902,20261003,800000000042,20716593,79,1,1645,571,E,K,1,A,S,2,34,124291.54,1,80218.95,1,44072.59,1
20260825,20261003,800000000042,20716593,65,1,1677,538,D,K,1,B,S,25,34,133441.0,1,88062.97,1,45378.03,1
20260902,20261008,800000000043,78074977,14,0,1699,749,C,K,2,,O,18,12,62419.87,1,62419.87,1,0.0,0
20260825,20261008,800000000043,78074977,35,0,1616,680,A,,2,,F,10,12,27497.91,1,27497.91,1,0.0,0
20260902,20261106,800000000044,46728250,23,0,1697,669,A,,2,,F,2,33,53526.83,1,53526.83,1,0.0,0
20260825,20261106,800000000044,46728250,52,0,1627,789,B,,2,,O,18,33,23541.69,1,23541.69,1,0.0,0
20260902,20261011,800000000045,99806586,30,0,1696,712,C,,1,,O,25,27,13332.78,1,13332.78,1,0.0,0
20260825,20261011,800000000045,99806586,36,0,1689,755,A,,5,,F,10,27,11066.25,1,11066.25,1,0.0,0
20260902,20261021,800000000046,33988814,10,0,1614,794,C,K,2,,F,18,28,51229.68,1,51229.68,1,0.0,0
20260825,20261021,800000000046,33988814,16,0,1600,813,A,K,1,,O,2,28,39870.58,1,39870.58,1,0.0,0
20260902,20261107,800000000047,28102047,26,2,1684,502,C,,2,A,S,10,29,50593.32,1,28642.95,1,21950.37,1
20260825,20261107,800000000047,28102047,51,2,1685,515,C,,2,B,F,2,29,33713.09,1,16378.2,1,17334.89,1
20260902,20260924,800000000048,18110163,39,0,1629,634,C,K,2,,F,10,31,12746.55,1,12746.55,1,0.0,0
20260825,20260924,800000000048,18110163,7,0,1666,665,A,K,1,A,S,10,31,18985.85,1,18985.85,1,0.0,0
20260902,20261010,800000000049,47852279,1,0,1653,769,B,K,2,A,S,10,31,87513.68,1,87513.68,1,0.0,0
20260825,20261010,800000000049,47852279,54,0,1658,773,B,K,1,A,S,2,31,112302.55,1,112302.55,1,0.0,0
20260902,20261008,800000000050,79793180,30,0,1606,757,B,K,5,,F,25,30,29074.11,1,29074.11,1,0.0,0
20260825,20261008,800000000050,79793180,49,0,1653,645,C,,1,,O,2,30,40380.42,1,40380.42,1,0.0,0
20260902,20260930,800000000051,58142064,77,0,1605,499,B,K,2,,S,10,17,47169.89,1,47169.89,1,0.0,0
20260825,20260930,800000000051,58142064,35,0,1680,571,C,K,5,,O,18,17,84991.27,1,84991.27,1,0.0,0
20260902,20261007,800000000052,92911100,75,0,1604,750,B,K,5,,O,2,25,24003.05,1,24003.05,1,0.0,0
20260825,20261007,800000000052,92911100,50,0,1611,811,B,,5,,S,25,25,52535.55,1,52535.55,1,0.0,0
20260902,20261007,800000000053,76544513,28,0,1674,757,A,,2,A,F,18,27,70882.84,1,70882.84,1,0.0,0
20260825,20261007,800000000053,76544513,36,0,1617,812,A,K,2,,F,2,27,54758.67,1,52645.32,1,2113.35,1
20260902,20261021,800000000054,67208939,17,2,1607,497,D,,5,B,O,2,23,59865.05,1,27845.58,1,32019.47,1
20260825,20261021,800000000054,67208939,83,2,1643,437,E,,5,B,S,18,23,20896.34,1,8758.58,1,12137.76,1
20260902,20260923,800000000055,58071563,5,0,1635,528,C,,2,,O,25,28,50770.88,1,50715.57,1,55.31,1
20260825,20260923,800000000055,58071563,5,0,1645,604,B,,5,,O,25,28,23540.71,1,23540.71,1,0.0,0
20260902,20261027,800000000056,30561818,26,0,1601,687,B,,5,,O,25,27,106738.37,1,106738.37,1,0.0,0
20260825,20261027,800000000056,30561818,48,0,1657,736,B,K,5,A,O,10,27,116854.99,1,116854.99,1,0.0,0
20260902,20261021,800000000057,82468344,43,0,1678,745,C,K,5,,O,2,19,91831.38,1,91831.38,1,0.0,0
20260825,20261021,800000000057,82468344,51,0,1641,815,A,,1,A,F,2,19,112514.65,1,111428.34,1,1086.31,1
20260902,20261009,800000000058,19440698,27,0,1620,761,B,K,5,,S,25,17,2634.72,1,2634.72,1,0.0,0
20260825,20261009,800000000058,19440698,3,0,1614,773,C,K,1,,O,10,17,5469.29,1,5469.29,1,0.0,0
20260902,20260917,800000000059,52439116,77,0,1613,726,B,,5,,S,18,13,46778.2,1,46778.2,1,0.0,0
20260825,20260917,800000000059,52439116,13,0,1662,716,B,K,1,,F,2,13,32450.71,1,32450.71,1,0.0,0
20260902,20261008,800000000060,55541542,34,0,1699,729,A,K,5,,S,18,33,70780.53,1,70780.53,1,0.0,0
20260825,20261008,800000000060,55541542,46,0,1686,733,C,K,2,A,F,18,33,29881.0,1,29881.0,1,0.0,0
20260902,20261006,800000000061,60628582,57,0,1611,758,B,K,2,,O,2,33,46523.44,1,46523.44,1,0.0,0
20260825,20261006,800000000061,60628582,58,0,1656,730,C,K,5,,S,2,33,43312.47,1,43312.47,1,0.0,0
20260902,20261006,800000000062,38033411,53,0,1686,756,C,,5,A,F,25,33,27449.7,1,27449.7,1,0.0,0
20260825,20261006,800000000062,38033411,4,0,1606,796,C,,1,,O,18,33,14876.31,1,14876.31,1,0.0,0
20260902,20261004,800000000063,65958065,67,0,1641,766,B,,2,,O,2,11,84236.78,1,84236.78,1,0.0,0
20260825,20261004,800000000063,65958065,31,0,1660,739,B,K,5,,F,25,11,140116.78,1,140116.78,1,0.0,0
20260902,20261030,800000000064,43986317,12,0,1617,785,A,K,1,A,O,18,24,13294.87,1,13294.87,1,0.0,0
20260825,20261030,800000000064,43986317,44,0,1697,808,A,,1,,O,18,24,10585.88,1,10585.88,1,0.0,0
20260902,20261017,800000000065,88056581,19,0,1631,799,A,,2,,S,2,13,72876.62,1,72876.62,1,0.0,0
20260825,20261017,800000000065,88056581,60,0,1613,791,A,K,2,,S,18,13,120719.13,1,120719.13,1,0.0,0
20260902,20261017,800000000066,24032975,42,0,1608,631,B,,5,,F,25,29,53911.72,1,53766.76,1,144.96,1
20260825,20261017,800000000066,24032975,93,0,1602,695,A,,5,A,F,10,29,83713.75,1,83713.75,1,0.0,0
20260902,20261020,800000000067,65751880,77,0,1647,753,B,K,5,,O,2,10,61978.97,1,61978.97,1,0.0,0
20260825,20261020,800000000067,65751880,61,0,1606,805,A,,1,,O,18,10,64629.02,1,64152.8,1,476.22,1
20260902,20261012,800000000068,14713027,39,2,1662,461,E,,1,A,S,18,31,123403.46,1,68805.05,1,54598.41,1
20260825,20261012,800000000068,14713027,44,2,1643,522,E,,2,A,O,10,31,110596.51,1,61468.11,1,49128.4,1
20260902,20261017,800000000069,16576388,65,0,1698,704,C,,2,,O,10,34,16553.36,1,16553.36,1,0.0,0
20260825,20261017,800000000069,16576388,104,0,1644,742,B,K,1,,F,25,34,14658.68,1,14658.68,1,0.0,0
20260902,20261025,800000000070,46740707,98,0,1674,837,A,K,5,,F,2,29,38670.79,1,38670.79,1,0.0,0
20260825,20261025,800000000070,46740707,50,0,1615,732,A,,5,,O,25,29,19724.43,1,19724.43,1,0.0,0
20260902,20261018,800000000071,20501450,51,2,1685,485,E,,5,C,F,10,20,106138.73,1,48185.42,1,57953.31,1
20260825,20261018,800000000071,20501450,22,2,1697,414,E,,1,C,F,2,20,172716.45,1,98584.65,1,74131.8,1
20260902,20261021,800000000072,20235011,2,0,1614,813,C,K,2,,F,2,18,36113.63,1,36113.63,1,0.0,0
20260825,20261021,800000000072,20235011,17,0,1630,717,A,,5,A,S,25,18,81511.16,1,81511.16,1,0.0,0
20260902,20261024,800000000073,73584629,71,0,1611,763,B,K,2,,S,2,13,99159.88,1,99159.88,1,0.0,0
20260825,20261024,800000000073,73584629,8,0,1615,845,B,K,2,,F,25,13,65260.0,1,65260.0,1,0.0,0
20260902,20260926,800000000074,90426416,60,0,1615,652,B,,1,,S,10,13,129284.03,1,129284.03,1,0.0,0
20260825,20260926,800000000074,90426416,81,0,1605,700,A,,1,,O,10,13,76273.02,1,76273.02,1,0.0,0
20260902,20261110,800000000075,81406369,52,0,1646,760,A,,1,,S,10,16,52813.24,1,52813.24,1,0.0,0
20260825,20261110,800000000075,81406369,34,0,1667,793,A,,1,,S,10,16,61634.64,1,61634.64,1,0.0,0
20260902,20261014,800000000076,20439138,6,0,1639,745,B,,2,,S,18,28,28524.05,1,28524.05,1,0.0,0
20260825,20261014,800000000076,20439138,54,0,1650,746,A,K,5,,F,10,28,79990.7,1,77663.43,1,2327.27,1
20260902,20261021,800000000077,26255108,8,0,1673,608,C,K,1,,S,18,25,66099.61,1,66099.61,1,0.0,0
20260825,20261021,800000000077,26255108,16,0,1603,666,C,,2,,O,25,25,79796.47,1,79796.47,1,0.0,0
20260902,20261005,800000000078,67164749,44,0,1690,596,C,,1,A,O,25,34,66693.11,1,66693.11,1,0.0,0
20260825,20261005,800000000078,67164749,106,0,1676,610,C,,2,,F,18,34,68016.74,1,68016.74,1,0.0,0
20260902,20261014,800000000079,39014988,64,0,1674,850,A,,5,,S,18,30,38317.1,1,38317.1,1,0.0,0
20260825,20261014,800000000079,39014988,35,0,1692,805,C,,2,A,O,25,30,37265.53,1,37265.53,1,0.0,0
20260902,20261104,800000000080,57064983,34,0,1638,764,B,K,2,,F,18,28,26862.54,1,26862.54,1,0.0,0
20260825,20261104,800000000080,57064983,15,0,1623,798,C,K,5,,O,2,28,28509.49,1,28509.49,1,0.0,0
20260902,20261010,800000000081,19987024,27,0,1608,594,A,K,1,,O,25,19,60396.59,1,60396.59,1,0.0,0
20260825,20261010,800000000081,19987024,82,0,1657,615,B,K,5,,S,25,19,80596.21,1,80596.21,1,0.0,0
20260902,20261011,800000000082,96213226,52,0,1614,709,B,,5,,S,10,32,80311.64,1,80311.64,1,0.0,0
20260825,20261011,800000000082,96213226,103,0,1628,685,B,K,2,,S,2,32,60364.19,1,60364.19,1,0.0,0
20260902,20261031,800000000083,61752356,39,0,1683,777,C,,2,,S,2,11,12881.16,1,12881.16,1,0.0,0
20260825,20261031,800000000083,61752356,26,0,1670,820,C,,1,,O,10,11,5660.14,1,5660.14,1,0.0,0
20260902,20261010,800000000084,62061086,71,0,1649,731,A,K,5,A,F,10,27,31202.95,1,31202.95,1,0.0,0
20260825,20261010,800000000084,62061086,34,0,1605,762,B,,2,,O,2,27,37284.46,1,37284.46,1,0.0,0
20260902,20260927,800000000085,50999704,29,0,1684,780,A,K,5,,S,10,32,2130.45,1,2130.45,1,0.0,0
20260825,20260927,800000000085,50999704,78,0,1691,715,C,,2,A,O,2,32,2458.7,1,2458.7,1,0.0,0
20260902,20261010,800000000086,54644060,81,0,1676,750,A,K,2,,F,18,31,160485.75,1,160485.75,1,0.0,0
20260825,20261010,800000000086,54644060,70,0,1696,789,C,,2,,F,25,31,79537.95,1,79537.95,1,0.0,0
20260902,20261024,800000000087,86107746,24,2,1685,601,C,,1,A,O,10,32,25771.9,1,13748.64,1,12023.26,1
20260825,20261024,800000000087,86107746,103,2,1641,585,D,,1,C,O,10,32,30475.96,1,18096.63,1,12379.33,1
20260902,20261105,800000000088,74343201,74,0,1626,749,C,,2,,F,25,26,136240.46,1,136240.46,1,0.0,0
20260825,20261105,800000000088,74343201,28,0,1684,733,A,,1,A,F,10,26,68598.48,1,68598.48,1,0.0,0
20260902,20260929,800000000089,10482349,14,0,1665,582,B,,5,,S,18,31,83659.51,1,83659.51,1,0.0,0
20260825,20260929,800000000089,10482349,32,0,1694,602,A,,5,,S,10,31,72084.04,1,72084.04,1,0.0,0
20260902,20261019,800000000090,45411706,80,4,1687,370,E,K,1,C,O,18,32,74248.34,1,17843.8,1,56404.54,1
20260825,20261019,800000000090,45411706,54,4,1634,377,E,,1,B,O,2,32,108589.07,1,22976.27,1,85612.8,1
20260902,20261006,800000000091,71353432,34,0,1622,622,B,K,5,,O,18,11,32160.69,1,32160.69,1,0.0,0
20260825,20261006,800000000091,71353432,32,0,1614,709,C,K,2,,S,18,11,23854.58,1,23854.58,1,0.0,0
20260902,20261017,800000000092,11648990,22,0,1654,703,B,,1,,O,10,27,2813.52,1,2813.52,1,0.0,0
20260825,20261017,800000000092,11648990,16,0,1675,737,B,,2,,F,2,27,2208.87,1,2208.87,1,0.0,0
20260902,20260925,800000000093,26405048,3,1,1693,507,D,K,2,A,S,25,34,48062.05,1,29337.97,1,18724.08,1
20260825,20260925,800000000093,26405048,82,1,1673,584,C,,2,C,O,2,34,28821.67,1,20570.88,1,8250.79,1
20260902,20261006,800000000094,74127867,39,0,1672,785,A,K,1,,F,2,29,53893.53,1,51820.11,1,2073.42,1
20260825,20261006,800000000094,74127867,34,0,1670,805,C,,5,,S,10,29,65767.74,1,65767.74,1,0.0,0
20260902,20261014,800000000095,83005085,24,5,1699,300,E,,2,D,F,2,34,113632.96,1,18133.74,1,95499.22,1
20260825,20261014,800000000095,83005085,10,5,1602,320,E,,5,C,F,18,34,56087.43,1,13737.03,1,42350.4,1
20260902,20261027,800000000096,99163437,48,0,1614,690,C,K,2,,F,2,25,129076.94,1,129076.94,1,0.0,0
20260825,20261027,800000000096,99163437,11,0,1622,769,B,,2,,S,18,25,136331.23,1,136331.23,1,0.0,0
20260902,20261112,800000000097,90375636,51,1,1613,516,D,K,1,B,O,10,33,13604.34,1,9371.07,1,4233.27,1
20260825,20261112,800000000097,90375636,20,1,1623,565,C,K,1,B,F,2,33,37151.97,1,23845.29,1,13306.68,1
20260902,20261017,800000000098,78127460,12,4,1654,413,G,,5,D,O,18,12,41320.59,1,11894.9,1,29425.69,1
20260825,20261017,800000000098,78127460,15,4,1619,417,F,,1,D,O,2,12,157886.15,1,54046.21,1,103839.94,1
20260902,20261031,800000000099,71214909,11,0,1618,810,A,K,2,A,F,25,26,49442.8,1,49442.8,1,0.0,0
20260825,20261031,800000000099,71214909,33,0,1690,825,B,,2,,F,2,26,78738.07,1,78738.07,1,0.0,0
20260902,20261006,800000000100,11655141,9,0,1673,745,B,K,5,A,F,10,17,32449.54,1,32022.56,1,426.98,1
20260825,20261006,800000000100,11655141,3,0,1697,761,C,,1,,S,2,17,46606.88,1,46606.88,1,0.0,0
20260902,20261010,800000000101,94642324,24,0,1636,779,B,K,5,,S,2,27,28203.23,1,28203.23,1,0.0,0
20260825,20261010,800000000101,94642324,15,0,1652,757,B,K,2,,F,10,27,33986.16,1,33986.16,1,0.0,0
20260902,20260924,800000000102,83951337,26,0,1615,816,A,,2,,F,25,29,13653.1,1,13653.1,1,0.0,0
20260825,20260924,800000000102,83951337,35,0,1660,786,B,,2,,O,10,29,27036.2,1,27036.2,1,0.0,0
20260902,20261105,800000000103,97874607,14,0,1688,829,A,,5,A,S,18,20,33674.5,1,33674.5,1,0.0,0
20260825,20261105,800000000103,97874607,93,0,1602,782,A,K,5,,S,2,20,45396.17,1,44131.79,1,1264.38,1
20260902,20261030,800000000104,22086184,37,3,1699,347,E,,5,A,F,25,30,7527.26,1,3231.37,1,4295.89,1
20260825,20261030,800000000104,22086184,58,3,1692,300,E,K,5,A,O,10,30,4861.08,1,1875.24,1,2985.84,1
20260902,20261028,800000000105,69080631,96,0,1615,712,C,,1,,S,10,10,11982.81,1,11982.81,1,0.0,0
20260825,20261028,800000000105,69080631,12,0,1665,599,C,,1,,F,25,10,6847.64,1,6847.64,1,0.0,0
20260902,20261108,800000000106,45851995,6,3,1640,443,D,,5,A,S,10,10,35199.07,1,16982.14,1,18216.93,1
20260825,20261108,800000000106,45851995,11,3,1637,431,E,K,1,A,S,2,10,40800.27,1,14229.34,1,26570.93,1
20260902,20261007,800000000107,27608875,4,0,1670,793,B,K,1,,F,10,35,26396.71,1,26396.71,1,0.0,0
20260825,20261007,800000000107,27608875,15,0,1622,779,C,,1,,F,25,35,12286.09,1,12286.09,1,0.0,0
20260902,20261018,800000000108,94567684,105,0,1621,737,B,,1,,S,2,32,11763.32,1,11763.32,1,0.0,0
20260825,20261018,800000000108,94567684,106,0,1642,743,C,K,5,,S,18,32,5351.45,1,5184.55,1,166.9,1
20260902,20261007,800000000109,20077458,9,0,1694,719,A,K,1,,F,2,21,21035.97,1,21035.97,1,0.0,0
20260825,20261007,800000000109,20077458,18,0,1654,706,B,K,1,A,O,2,21,34041.97,1,34041.97,1,0.0,0
20260902,20261101,800000000110,20282015,10,0,1631,709,A,,1,A,S,2,35,138091.42,1,138091.42,1,0.0,0
20260825,20261101,800000000110,20282015,42,0,1618,762,B,K,5,,F,18,35,68525.41,1,68525.41,1,0.0,0
20260902,20261010,800000000111,60809929,11,0,1665,621,A,K,2,A,F,25,10,10337.74,1,10102.66,1,235.08,1
20260825,20261010,800000000111,60809929,32,0,1666,707,C,K,5,,F,25,10,19207.51,1,19207.51,1,0.0,0
20260902,20261031,800000000112,33424272,23,0,1686,762,A,,5,,O,18,12,46121.9,1,46121.9,1,0.0,0
20260825,20261031,800000000112,33424272,4,0,1620,706,A,K,2,A,S,2,12,36381.06,1,36381.06,1,0.0,0
20260902,20261014,800000000113,71643898,35,2,1647,441,E,K,2,C,F,10,29,53724.5,1,27585.91,1,26138.59,1
20260825,20261014,800000000113,71643898,42,2,1698,444,C,K,5,C,F,2,29,13600.5,1,7667.22,1,5933.28,1
20260902,20261012,800000000114,13300097,4,0,1672,709,A,,2,,S,10,29,48703.74,1,48703.74,1,0.0,0
20260825,20261012,800000000114,13300097,54,0,1660,746,A,,1,A,F,2,29,54561.93,1,54561.93,1,0.0,0
20260902,20261028,800000000115,83473357,39,0,1640,493,B,,5,A,F,10,12,39342.16,1,39342.16,1,0.0,0
20260825,20261028,800000000115,83473357,55,0,1646,565,A,,1,,S,18,12,23178.15,1,23178.15,1,0.0,0
20260902,20260930,800000000116,35026165,39,3,1681,435,D,,1,A,O,10,21,59893.08,1,23267.9,1,36625.18,1
20260825,20260930,800000000116,35026165,4,3,1608,430,E,,5,C,F,25,21,70475.23,1,31255.91,1,39219.32,1
20260902,20261013,800000000117,73484049,72,0,1630,850,C,,2,,S,25,14,7268.9,1,7268.9,1,0.0,0
20260825,20261013,800000000117,73484049,89,0,1648,732,C,,5,A,O,2,14,16445.83,1,16445.83,1,0.0,0
20260902,20261018,800000000118,30030597,48,0,1611,802,C,,1,,S,18,31,8857.46,1,8679.9,1,177.56,1
20260825,20261018,800000000118,30030597,29,0,1624,757,B,K,1,,F,2,31,19334.24,1,19334.24,1,0.0,0
20260902,20261025,800000000119,43606927,34,0,1680,554,B,K,1,,F,18,24,33892.06,1,33892.06,1,0.0,0
20260825,20261025,800000000119,43606927,30,0,1683,536,A,,1,A,O,10,24,17491.69,1,17491.69,1,0.0,0
20260902,20261028,800000000120,28848809,48,2,1693,438,C,K,5,A,F,18,15,136326.58,1,65806.01,1,70520.57,1
20260825,20261028,800000000120,28848809,54,2,1624,510,E,K,1,A,F,2,15,83961.34,1,37112.68,1,46848.66,1
20260902,20261014,800000000121,73263560,4,0,1644,701,A,K,2,A,F,2,30,54354.89,1,54354.89,1,0.0,0
20260825,20261014,800000000121,73263560,45,0,1644,685,A,K,2,A,F,2,30,84190.75,1,84190.75,1,0.0,0
20260902,20261014,800000000122,20994583,17,0,1666,647,B,K,5,A,F,2,13,15914.64,1,15914.64,1,0.0,0
20260825,20261014,800000000122,20994583,36,0,1612,735,B,,2,,F,2,13,21049.47,1,21049.47,1,0.0,0
20260902,20261012,800000000123,96124803,77,0,1676,686,B,K,2,A,F,10,24,88245.41,1,88245.41,1,0.0,0
20260825,20261012,800000000123,96124803,5,0,1603,779,B,,2,,F,25,24,59527.22,1,59527.22,1,0.0,0
20260902,20261017,800000000124,96873895,11,1,1681,567,D,,2,B,O,18,35,47795.53,1,29687.04,1,18108.49,1
20260825,20261017,800000000124,96873895,1,1,1634,503,E,K,5,C,S,18,35,31654.39,1,19609.07,1,12045.32,1
20260902,20261104,800000000125,73585237,51,0,1648,723,B,K,2,,S,25,18,91551.47,1,91551.47,1,0.0,0
20260825,20261104,800000000125,73585237,35,0,1685,804,A,K,2,,O,18,18,116908.34,1,115158.1,1,1750.24,1
20260902,20261016,800000000126,63497293,90,0,1653,806,C,K,1,,F,18,35,22033.55,1,22033.55,1,0.0,0
20260825,20261016,800000000126,63497293,90,0,1680,776,B,,5,,S,18,35,22030.34,1,21882.84,1,147.5,1
20260902,20260924,800000000127,90712387,2,0,1610,745,B,K,2,A,O,25,27,9215.82,1,9215.82,1,0.0,0
20260825,20260924,800000000127,90712387,34,0,1637,819,B,K,1,,F,10,27,8601.14,1,8601.14,1,0.0,0
20260902,20261010,800000000128,77906443,52,0,1617,813,B,K,2,,O,25,28,13433.57,1,12847.76,1,585.81,1
20260825,20261010,800000000128,77906443,98,0,1699,756,B,,1,,F,25,28,14089.82,1,14089.82,1,0.0,0
20260902,20261028,800000000129,75811941,35,0,1623,732,A,,5,,F,10,33,88963.76,1,85936.63,1,3027.13,1
20260825,20261028,800000000129,75811941,6,0,1694,794,C,K,1,,F,2,33,75920.63,1,75920.63,1,0.0,0
20260902,20261111,800000000130,37990440,48,0,1694,713,A,K,1,,S,25,25,50953.85,1,50953.85,1,0.0,0
20260825,20261111,800000000130,37990440,47,0,1604,681,A,K,5,,O,10,25,26817.62,1,26817.62,1,0.0,0
20260902,20261016,800000000131,58312349,18,0,1652,664,A,,2,,O,2,10,109118.14,1,109118.14,1,0.0,0
20260825,20261016,800000000131,58312349,70,0,1664,634,A,K,1,,F,10,10,41507.58,1,41507.58,1,0.0,0
20260902,20261014,800000000132,46685275,17,0,1694,660,B,K,5,,S,10,23,70608.35,1,70608.35,1,0.0,0
20260825,20261014,800000000132,46685275,14,0,1660,654,B,K,5,,S,2,23,75400.66,1,75400.66,1,0.0,0
20260902,20261004,800000000133,48835762,27,2,1675,501,D,,1,C,O,10,16,16629.75,1,6833.3,1,9796.45,1
20260825,20261004,800000000133,48835762,7,2,1647,440,E,,2,C,O,2,16,26920.46,1,15774.51,1,11145.95,1
20260902,20261018,800000000134,39353363,59,0,1691,816,A,,2,A,S,2,33,14273.33,1,13735.77,1,537.56,1
20260825,20261018,800000000134,39353363,9,0,1643,807,A,,5,,F,18,33,12019.95,1,12019.95,1,0.0,0
20260902,20261017,800000000135,61079694,60,0,1656,834,C,K,2,A,F,2,25,58567.79,1,58567.79,1,0.0,0
20260825,20261017,800000000135,61079694,51,0,1606,733,C,K,1,,F,10,25,89004.51,1,89004.51,1,0.0,0
20260902,20261108,800000000136,34299673,45,0,1651,740,C,K,2,A,S,18,14,44130.89,1,44130.89,1,0.0,0
20260825,20261108,800000000136,34299673,53,0,1679,775,A,,5,A,O,18,14,38289.78,1,38289.78,1,0.0,0
20260902,20261020,800000000137,37569515,64,0,1690,726,B,,2,,S,10,31,8753.07,1,8527.09,1,225.98,1
20260825,20261020,800000000137,37569515,30,0,1602,641,A,K,1,,O,18,31,4836.82,1,4836.82,1,0.0,0
20260902,20260928,800000000138,84543280,18,0,1602,754,B,,2,A,F,18,25,65306.67,1,65306.67,1,0.0,0
20260825,20260928,800000000138,84543280,71,0,1605,711,B,,5,,O,2,25,20946.4,1,20946.4,1,0.0,0
20260902,20261019,800000000139,57177057,18,2,1657,649,D,,1,B,O,10,24,105991.44,1,60026.99,1,45964.45,1
20260825,20261019,800000000139,57177057,36,2,1615,527,C,,5,B,S,25,24,55994.37,1,32996.18,1,22998.19,1
20260902,20261015,800000000140,89807860,45,0,1604,673,A,,2,,F,18,31,29554.53,1,29554.53,1,0.0,0
20260825,20261015,800000000140,89807860,32,0,1667,642,C,K,1,A,S,18,31,25580.23,1,25580.23,1,0.0,0
20260902,20261105,800000000141,34654960,27,0,1622,799,B,,5,A,F,25,31,4132.45,1,4132.45,1,0.0,0
20260825,20261105,800000000141,34654960,12,0,1658,809,C,,2,A,O,10,31,6175.97,1,6175.97,1,0.0,0
20260902,20261103,800000000142,93334410,1,0,1687,699,B,,5,,F,18,30,53755.2,1,53755.2,1,0.0,0
20260825,20261103,800000000142,93334410,23,0,1663,649,B,K,2,,O,25,30,102170.99,1,102170.99,1,0.0,0
20260902,20261014,800000000143,73310932,34,0,1609,748,A,,1,,O,10,33,115716.27,1,115716.27,1,0.0,0
20260825,20261014,800000000143,73310932,22,0,1609,778,A,K,1,,S,25,33,46895.27,1,46895.27,1,0.0,0
20260902,20260929,800000000144,94125851,2,4,1630,450,G,K,5,C,F,25,26,42313.22,1,14917.59,1,27395.63,1
20260825,20260929,800000000144,94125851,83,4,1607,447,F,K,2,D,S,2,26,48378.48,1,11629.01,1,36749.47,1
20260902,20261003,800000000145,97238171,14,2,1661,511,E,,2,B,F,10,22,62958.36,1,30656.47,1,32301.89,1
20260825,20261003,800000000145,97238171,28,2,1651,469,E,K,1,C,F,2,22,82971.71,1,40679.88,1,42291.83,1
20260902,20261005,800000000146,96104451,27,0,1629,796,A,K,2,A,S,18,17,78427.24,1,78427.24,1,0.0,0
20260825,20261005,800000000146,96104451,13,0,1622,790,A,K,1,,F,10,17,102163.04,1,102163.04,1,0.0,0
20260902,20261018,800000000147,80902870,18,0,1652,765,B,,1,A,S,25,33,31443.82,1,31443.82,1,0.0,0
20260825,20261018,800000000147,80902870,29,0,1639,751,C,,2,,F,10,33,61767.27,1,61767.27,1,0.0,0
20260902,20261030,800000000148,59444446,50,0,1691,787,B,K,1,,F,18,18,84791.04,1,80957.11,1,3833.93,1
20260825,20261030,800000000148,59444446,49,0,1646,748,B,K,2,,F,10,18,23392.35,1,23392.35,1,0.0,0
20260902,20261007,800000000149,86146451,24,0,1613,669,B,K,2,,F,10,12,39988.65,1,39988.65,1,0.0,0
20260825,20261007,800000000149,86146451,28,0,1609,671,B,K,1,,S,25,12,35753.45,1,35753.45,1,0.0,0
20260902,20261028,800000000150,39962391,70,0,1645,597,C,,1,,F,25,28,63480.27,1,63480.27,1,0.0,0
20260825,20261028,800000000150,39962391,51,0,1674,752,B,,5,A,F,25,28,50368.49,1,50368.49,1,0.0,0
20260902,20260925,800000000151,42678163,39,0,1687,764,B,,1,,O,18,35,26651.76,1,26651.76,1,0.0,0
20260825,20260925,800000000151,42678163,43,0,1678,717,C,K,5,A,F,25,35,10197.1,1,10197.1,1,0.0,0
20260902,20261102,800000000152,80651527,44,0,1627,754,A,,5,A,O,10,26,87239.44,1,87239.44,1,0.0,0
20260825,20261102,800000000152,80651527,58,0,1678,748,B,,2,A,S,25,26,34861.41,1,33691.64,1,1169.77,1
20260902,20261006,800000000153,50142446,36,0,1661,743,B,K,2,,F,25,14,81086.54,1,81086.54,1,0.0,0
20260825,20261006,800000000153,50142446,31,0,1602,807,B,K,5,,S,25,14,66158.05,1,66158.05,1,0.0,0
20260902,20261030,800000000154,55514836,20,0,1664,720,C,,1,,S,2,19,136739.39,1,136739.39,1,0.0,0
20260825,20261030,800000000154,55514836,12,0,1672,729,B,,5,A,O,25,19,46851.51,1,46851.51,1,0.0,0
20260902,20261005,800000000155,72224542,40,0,1619,753,B,,2,,O,25,25,46930.99,1,46930.99,1,0.0,0
20260825,20261005,800000000155,72224542,36,0,1689,686,C,K,2,,S,18,25,90349.6,1,90349.6,1,0.0,0
20260902,20261102,800000000156,79955038,90,0,1685,683,B,,5,,F,25,14,74434.14,1,74434.14,1,0.0,0
20260825,20261102,800000000156,79955038,4,0,1671,741,A,K,5,,S,2,14,51998.39,1,51998.39,1,0.0,0
20260902,20261020,800000000157,22929680,30,0,1625,677,C,K,2,A,F,18,29,69998.43,1,69998.43,1,0.0,0
20260825,20261020,800000000157,22929680,42,0,1654,733,B,K,5,A,O,10,29,81221.76,1,81221.76,1,0.0,0
20260902,20260927,800000000158,30482789,10,5,1638,300,G,K,2,C,F,2,10,18801.28,1,3395.65,1,15405.63,1
20260825,20260927,800000000158,30482789,29,5,1652,329,F,K,2,C,S,25,10,37001.2,1,9016.39,1,27984.81,1
20260902,20261002,800000000159,70234588,24,0,1692,705,B,,1,,O,2,24,9924.81,1,9924.81,1,0.0,0
20260825,20261002,800000000159,70234588,4,0,1607,731,B,,1,,O,2,24,21469.87,1,21469.87,1,0.0,0
20260902,20260925,800000000160,59586212,3,0,1643,800,A,,1,,S,2,23,32178.56,1,32178.56,1,0.0,0
20260825,20260925,800000000160,59586212,35,0,1669,781,B,K,5,A,F,18,23,66626.37,1,66626.37,1,0.0,0
20260902,20261108,800000000161,22869898,3,3,1659,300,E,K,1,B,S,25,25,7536.82,1,3596.39,1,3940.43,1
20260825,20261108,800000000161,22869898,37,3,1690,430,E,K,5,B,S,10,25,7670.91,1,2326.11,1,5344.8,1
20260902,20261107,800000000162,67476781,11,0,1661,802,C,K,5,,S,18,15,3864.95,1,3864.95,1,0.0,0
20260825,20261107,800000000162,67476781,49,0,1680,813,C,,1,,S,25,15,17352.11,1,17352.11,1,0.0,0
20260902,20261001,800000000163,19363099,45,0,1684,720,C,,1,,F,18,23,48733.1,1,46542.3,1,2190.8,1
20260825,20261001,800000000163,19363099,34,0,1672,811,C,K,2,A,O,18,23,23146.1,1,23146.1,1,0.0,0
20260902,20261014,800000000164,47417309,11,0,1613,727,C,K,5,A,O,10,25,72573.0,1,72573.0,1,0.0,0
20260825,20261014,800000000164,47417309,16,0,1603,842,C,K,2,,F,10,25,23358.0,1,23358.0,1,0.0,0
20260902,20261030,800000000165,86362294,100,0,1681,611,B,,1,A,S,10,19,35233.94,1,35233.94,1,0.0,0
20260825,20261030,800000000165,86362294,56,0,1695,654,C,,5,A,O,2,19,25657.13,1,25657.13,1,0.0,0
20260902,20261027,800000000166,34205171,84,0,1658,819,A,K,1,,F,25,31,128127.5,1,128127.5,1,0.0,0
20260825,20261027,800000000166,34205171,18,0,1642,786,C,,2,,O,25,31,134330.79,1,134330.79,1,0.0,0
20260902,20261010,800000000167,81853682,16,0,1601,734,B,K,5,,F,18,12,45513.64,1,45513.64,1,0.0,0
20260825,20261010,800000000167,81853682,25,0,1683,788,B,,2,,F,2,12,61094.35,1,58731.64,1,2362.71,1
20260902,20260926,800000000168,30753916,25,0,1610,751,B,K,5,,S,10,21,71925.76,1,71925.76,1,0.0,0
20260825,20260926,800000000168,30753916,10,0,1676,673,C,,5,,S,18,21,74835.57,1,74835.57,1,0.0,0
20260902,20261113,800000000169,54524582,27,0,1699,761,B,,1,,O,2,30,66436.67,1,66436.67,1,0.0,0
20260825,20261113,800000000169,54524582,2,0,1664,716,A,K,5,,F,18,30,126709.61,1,126709.61,1,0.0,0
20260902,20261014,800000000170,14858322,26,1,1650,569,D,,1,C,F,18,11,15280.2,1,9358.43,1,5921.77,1
20260825,20261014,800000000170,14858322,12,1,1667,548,C,,2,C,S,2,11,15933.6,1,8861.16,1,7072.44,1
20260902,20260920,800000000171,72274526,52,4,1677,300,F,,5,B,O,10,10,127386.18,1,30615.12,1,96771.06,1
20260825,20260920,800000000171,72274526,15,4,1615,407,G,K,5,C,F,10,10,149579.49,1,53983.59,1,95595.9,1
20260902,20261008,800000000172,20970240,13,0,1600,815,C,K,2,,O,10,22,67267.4,1,64925.89,1,2341.51,1
20260825,20261008,800000000172,20970240,65,0,1651,750,B,,1,,F,25,22,100772.57,1,100772.57,1,0.0,0
20260902,20261010,800000000173,75880335,28,0,1671,797,A,K,2,,O,18,35,36780.83,1,36780.83,1,0.0,0
20260825,20261010,800000000173,75880335,64,0,1637,809,A,K,1,,O,18,35,83745.19,1,83745.19,1,0.0,0
20260902,20261006,800000000174,35793154,59,2,1669,516,E,,5,A,O,2,19,10716.03,1,5267.3,1,5448.73,1
20260825,20261006,800000000174,35793154,59,2,1688,391,C,K,2,B,F,10,19,15127.12,1,6524.59,1,8602.53,1
20260902,20261024,800000000175,88982809,63,1,1615,505,E,K,1,A,O,18,27,41731.18,1,23949.02,1,17782.16,1
20260825,20261024,800000000175,88982809,102,1,1602,458,C,K,5,A,F,18,27,74720.96,1,49930.12,1,24790.84,1
20260902,20261025,800000000176,14805272,107,0,1670,770,B,,1,,F,10,24,73553.12,1,73553.12,1,0.0,0
20260825,20261025,800000000176,14805272,2,0,1656,731,A,K,1,,O,25,24,39977.06,1,39977.06,1,0.0,0
20260902,20261010,800000000177,37036118,36,0,1620,586,C,K,5,A,S,2,11,26561.56,1,26561.56,1,0.0,0
20260825,20261010,800000000177,37036118,50,0,1627,591,A,,1,A,S,18,11,16267.23,1,15484.0,1,783.23,1
20260902,20261023,800000000178,80829652,6,3,1659,369,E,,5,A,F,2,17,26523.15,1,10669.57,1,15853.58,1
20260825,20261023,800000000178,80829652,77,3,1625,451,E,K,5,B,O,2,17,23959.52,1,9371.46,1,14588.06,1
20260902,20261013,800000000179,92512975,21,0,1686,788,C,,5,,F,2,23,75861.8,1,75861.8,1,0.0,0
20260825,20261013,800000000179,92512975,9,0,1685,798,A,K,2,,O,10,23,65688.69,1,65688.69,1,0.0,0
20260902,20261029,800000000180,25567455,27,0,1643,593,C,,5,,F,10,29,38649.25,1,38649.25,1,0.0,0
20260825,20261029,800000000180,25567455,22,0,1669,664,A,K,1,A,F,2,29,31217.24,1,30844.69,1,372.55,1
20260902,20261102,800000000181,66419307,8,0,1621,774,B,K,2,,F,25,20,61847.97,1,61847.97,1,0.0,0
20260825,20261102,800000000181,66419307,22,0,1626,766,B,,1,,F,10,20,74933.79,1,74933.79,1,0.0,0
20260902,20261008,800000000182,87070198,93,0,1619,805,B,K,2,,F,25,20,116173.11,1,116173.11,1,0.0,0
20260825,20261008,800000000182,87070198,51,0,1658,747,A,K,1,,O,10,20,59372.94,1,59372.94,1,0.0,0
20260902,20261028,800000000183,50244616,18,0,1693,747,A,K,5,,F,25,14,21169.69,1,21169.69,1,0.0,0
20260825,20261028,800000000183,50244616,40,0,1694,780,C,K,1,A,S,10,14,5944.03,1,5944.03,1,0.0,0
20260902,20260922,800000000184,63400396,24,0,1657,728,C,K,1,A,O,2,30,17688.79,1,17611.36,1,77.43,1
20260825,20260922,800000000184,63400396,31,0,1606,827,A,,5,A,S,10,30,37358.17,1,37358.17,1,0.0,0
20260902,20261023,800000000185,68685794,26,0,1641,850,C,,5,,S,2,13,26534.39,1,26534.39,1,0.0,0
20260825,20261023,800000000185,68685794,13,0,1666,837,A,,5,,F,25,13,56451.12,1,56451.12,1,0.0,0
20260902,20261012,800000000186,43647146,25,0,1613,803,A,,1,A,O,10,17,108304.77,1,108304.77,1,0.0,0
20260825,20261012,800000000186,43647146,89,0,1684,784,B,,1,,F,2,17,172385.39,1,172385.39,1,0.0,0
20260902,20261101,800000000187,78646672,40,0,1625,826,C,,2,,S,25,26,54347.09,1,54347.09,1,0.0,0
20260825,20261101,800000000187,78646672,27,0,1609,803,C,,5,A,O,25,26,22903.21,1,22080.13,1,823.08,1
20260902,20261019,800000000188,67166499,87,0,1605,614,C,,2,,O,18,16,37589.29,1,37589.29,1,0.0,0
20260825,20261019,800000000188,67166499,9,0,1645,667,B,K,2,,O,25,16,31744.03,1,31744.03,1,0.0,0
20260902,20261016,800000000189,12999320,3,0,1641,666,A,,2,A,F,10,20,67583.39,1,67583.39,1,0.0,0
20260825,20261016,800000000189,12999320,33,0,1679,644,B,,2,A,O,25,20,25608.3,1,25608.3,1,0.0,0
20260902,20261028,800000000190,79959650,12,4,1652,411,G,,2,B,S,18,16,106899.77,1,29647.17,1,77252.6,1
20260825,20261028,800000000190,79959650,2,4,1671,450,F,,5,B,S,10,16,59335.12,1,12598.14,1,46736.98,1
20260902,20261030,800000000191,94461020,31,0,1667,676,A,,5,,O,10,26,31415.17,1,31415.17,1,0.0,0
20260825,20261030,800000000191,94461020,1,0,1699,704,B,K,2,A,S,25,26,10421.52,1,10034.41,1,387.11,1
20260902,20261019,800000000192,35857500,32,0,1674,787,B,,2,,S,25,18,43406.78,1,43406.78,1,0.0,0
20260825,20261019,800000000192,35857500,38,0,1668,850,B,,1,,O,10,18,41676.17,1,41676.17,1,0.0,0
20260902,20260923,800000000193,48724523,32,0,1644,679,A,,2,,O,18,15,22325.77,1,22325.77,1,0.0,0
20260825,20260923,800000000193,48724523,97,0,1624,711,C,K,1,,F,10,15,10944.57,1,10944.57,1,0.0,0
20260902,20261012,800000000194,75567003,85,0,1603,752,C,,1,,F,2,26,42518.65,1,42518.65,1,0.0,0
20260825,20261012,800000000194,75567003,54,0,1610,717,A,,5,,S,10,26,24491.53,1,24491.53,1,0.0,0
20260902,20261016,800000000195,18369828,70,0,1634,786,A,K,1,,F,2,20,45311.29,1,45311.29,1,0.0,0
20260825,20261016,800000000195,18369828,34,0,1607,778,C,K,5,,S,10,20,26847.62,1,26847.62,1,0.0,0
20260902,20261007,800000000196,91790169,26,0,1615,836,C,,1,,S,25,32,8219.92,1,8219.92,1,0.0,0
20260825,20261007,800000000196,91790169,22,0,1640,797,A,,1,,F,18,32,6756.1,1,6756.1,1,0.0,0
20260902,20261020,800000000197,26045299,64,0,1677,742,C,,5,,F,2,27,75420.54,1,75420.54,1,0.0,0
20260825,20261020,800000000197,26045299,10,0,1662,779,A,K,2,,S,25,27,99509.48,1,95367.83,1,4141.65,1
20260902,20261019,800000000198,50174547,45,0,1659,804,C,K,2,A,O,10,19,28985.92,1,28985.92,1,0.0,0
20260825,20261019,800000000198,50174547,55,0,1676,837,A,K,1,A,O,18,19,12530.33,1,12030.5,1,499.83,1
20260902,20261005,800000000199,66671476,17,0,1661,701,C,K,2,A,O,10,14,58510.8,1,58510.8,1,0.0,0
20260825,20261005,800000000199,66671476,14,0,1683,638,A,,5,,F,18,14,37993.56,1,37993.56,1,0.0,0
20260902,20260928,800000000200,67279821,71,0,1643,699,A,K,5,,S,25,28,6741.44,1,6741.44,1,0.0,0
20260825,20260928,800000000200,67279821,61,0,1667,743,A,K,1,,F,10,28,13776.96,1,13776.96,1,0.0,0
20260902,20261013,800000000201,65139902,14,0,1633,740,B,,2,,S,2,20,20458.24,1,20458.24,1,0.0,0
20260825,20261013,800000000201,65139902,10,0,1633,805,A,K,2,A,S,18,20,12428.43,1,12428.43,1,0.0,0
20260902,20261001,800000000202,25896810,21,0,1693,780,B,K,5,,O,18,15,5833.79,1,5833.79,1,0.0,0
20260825,20261001,800000000202,25896810,52,0,1619,792,A,,5,A,F,10,15,17086.73,1,17086.73,1,0.0,0
20260902,20261107,800000000203,75837727,33,0,1666,785,C,,2,,S,25,24,14691.57,1,14379.82,1,311.75,1
20260825,20261107,800000000203,75837727,44,0,1632,767,B,,5,A,F,25,24,10992.54,1,10992.54,1,0.0,0
20260902,20261008,800000000204,94649276,54,0,1691,640,B,K,2,,F,25,22,89994.38,1,89994.38,1,0.0,0
20260825,20261008,800000000204,94649276,87,0,1606,666,B,,2,A,F,18,22,34853.63,1,34853.63,1,0.0,0
20260902,20261022,800000000205,36830448,17,0,1667,727,C,K,2,,S,25,22,14971.93,1,14971.93,1,0.0,0
20260825,20261022,800000000205,36830448,27,0,1659,739,B,,5,,S,2,22,35810.36,1,35810.36,1,0.0,0
20260902,20261007,800000000206,92479493,4,0,1642,591,A,K,5,A,S,18,12,16151.5,1,16151.5,1,0.0,0
20260825,20261007,800000000206,92479493,22,0,1661,586,A,K,5,A,F,2,12,13611.7,1,13611.7,1,0.0,0
20260902,20261016,800000000207,71093757,29,2,1694,490,E,K,2,C,O,10,18,36321.61,1,19840.18,1,16481.43,1
20260825,20261016,800000000207,71093757,46,2,1624,442,C,,1,A,O,18,18,52112.74,1,24400.43,1,27712.31,1
20260902,20261104,800000000208,78816254,54,2,1624,509,D,K,5,A,S,10,34,34399.13,1,20666.52,1,13732.61,1
20260825,20261104,800000000208,78816254,41,2,1649,599,D,,2,C,S,18,34,42051.54,1,25461.41,1,16590.13,1
20260902,20261021,800000000209,89370781,94,2,1613,429,C,K,5,B,O,18,35,187987.84,1,91486.57,1,96501.27,1
20260825,20261021,800000000209,89370781,75,2,1638,483,C,K,5,B,F,25,35,51442.74,1,27713.75,1,23728.99,1
20260902,20261021,800000000210,51977398,58,3,1616,397,D,,1,A,F,10,16,63582.33,1,25645.96,1,37936.37,1
20260825,20261021,800000000210,51977398,80,3,1628,426,E,K,5,A,S,25,16,108403.09,1,48392.57,1,60010.52,1
20260902,20261012,800000000211,61995300,1,0,1673,626,C,K,2,,S,25,19,2295.02,1,2295.02,1,0.0,0
20260825,20261012,800000000211,61995300,20,0,1631,718,C,K,5,,O,10,19,9553.7,1,9553.7,1,0.0,0
20260902,20261014,800000000212,77946312,9,0,1605,758,B,K,1,A,F,18,27,68554.7,1,68554.7,1,0.0,0
20260825,20261014,800000000212,77946312,9,0,1651,833,C,,1,A,F,25,27,83862.8,1,83862.8,1,0.0,0
20260902,20261019,800000000213,57498827,25,0,1673,759,A,K,2,,O,10,10,66814.35,1,66814.35,1,0.0,0
20260825,20261019,800000000213,57498827,26,0,1682,814,C,K,5,,O,2,10,24708.1,1,24708.1,1,0.0,0
20260902,20260927,800000000214,20004231,73,0,1631,748,C,K,2,A,F,25,25,52245.09,1,52245.09,1,0.0,0
20260825,20260927,800000000214,20004231,22,0,1606,750,B,K,1,,O,18,25,50449.56,1,50449.56,1,0.0,0
20260902,20261015,800000000215,26367959,26,0,1608,761,A,K,5,,S,25,31,77076.89,1,77076.89,1,0.0,0
20260825,20261015,800000000215,26367959,24,0,1641,801,C,K,2,,S,2,31,23587.29,1,23587.29,1,0.0,0
20260902,20261023,800000000216,51485173,56,0,1624,806,C,,5,,S,25,19,49348.98,1,49348.98,1,0.0,0
20260825,20261023,800000000216,51485173,83,0,1631,778,A,,1,,O,25,19,19218.01,1,19218.01,1,0.0,0
20260902,20261105,800000000217,16618907,25,0,1653,743,B,K,1,A,S,2,18,54215.66,1,54215.66,1,0.0,0
20260825,20261105,800000000217,16618907,17,0,1697,728,B,K,1,,O,18,18,109075.84,1,109075.84,1,0.0,0
20260902,20260924,800000000218,20869023,4,0,1656,776,B,K,5,A,O,10,23,12258.05,1,12258.05,1,0.0,0
20260825,20260924,800000000218,20869023,63,0,1609,746,C,K,5,,O,25,23,11318.06,1,11318.06,1,0.0,0
20260902,20261020,800000000219,45450260,27,4,1628,376,F,K,5,B,S,25,26,46191.75,1,10147.15,1,36044.6,1
20260825,20261020,800000000219,45450260,22,4,1650,343,G,,2,C,O,10,26,28862.97,1,4918.12,1,23944.85,1
20260902,20261106,800000000220,26997859,54,0,1691,624,C,,2,,O,18,15,93724.83,1,93724.83,1,0.0,0
20260825,20261106,800000000220,26997859,46,0,1661,700,C,,1,,S,25,15,65545.73,1,62401.73,1,3144.0,1
20260902,20261018,800000000221,72722957,97,0,1637,812,C,,1,A,O,10,32,83343.76,1,83343.76,1,0.0,0
20260825,20261018,800000000221,72722957,77,0,1629,850,A,,2,A,S,25,32,39932.4,1,38299.14,1,1633.26,1
20260902,20260929,800000000222,87661636,30,0,1600,732,A,,2,,O,18,15,1821.17,1,1821.17,1,0.0,0
20260825,20260929,800000000222,87661636,42,0,1621,743,A,,5,,O,18,15,765.31,1,765.31,1,0.0,0
20260902,20261015,800000000223,78964039,31,0,1683,731,A,,1,,S,2,28,12341.07,1,12341.07,1,0.0,0
20260825,20261015,800000000223,78964039,33,0,1647,732,C,,5,,F,25,28,31758.18,1,31758.18,1,0.0,0
20260902,20261110,800000000224,21602842,60,0,1667,778,A,,5,,O,2,14,82657.55,1,82657.55,1,0.0,0
20260825,20261110,800000000224,21602842,103,0,1613,780,B,,5,,F,25,14,69799.23,1,69799.23,1,0.0,0
20260902,20261004,800000000225,66313136,7,0,1637,745,B,K,2,,S,18,24,44377.93,1,44377.93,1,0.0,0
20260825,20261004,800000000225,66313136,60,0,1629,775,A,K,5,A,S,25,24,45686.38,1,45686.38,1,0.0,0
20260902,20260930,800000000226,20159797,17,0,1648,787,B,K,2,,F,10,18,46122.61,1,46122.61,1,0.0,0
20260825,20260930,800000000226,20159797,42,0,1667,794,C,,2,,S,25,18,29588.4,1,29588.4,1,0.0,0
20260902,20261003,800000000227,19849505,81,0,1604,775,C,,1,,F,25,21,14909.29,1,14909.29,1,0.0,0
20260825,20261003,800000000227,19849505,75,0,1610,750,C,K,2,,S,10,21,9704.76,1,9704.76,1,0.0,0
20260902,20261103,800000000228,10774133,98,0,1699,782,B,,2,,F,25,24,107260.19,1,107260.19,1,0.0,0
20260825,20261103,800000000228,10774133,30,0,1650,760,C,K,2,A,S,10,24,80253.61,1,80253.61,1,0.0,0
20260902,20261029,800000000229,16714649,53,0,1677,797,C,,5,A,S,18,30,84007.74,1,84007.74,1,0.0,0
20260825,20261029,800000000229,16714649,13,0,1697,796,C,K,5,A,S,25,30,92104.74,1,92104.74,1,0.0,0
20260902,20261004,800000000230,99119044,3,0,1674,597,C,,2,,S,10,16,98316.6,1,98316.6,1,0.0,0
20260825,20261004,800000000230,99119044,5,0,1638,684,C,,2,,S,2,16,80110.62,1,80110.62,1,0.0,0
20260902,20261024,800000000231,37053102,15,0,1640,612,C,,1,,F,25,31,47801.68,1,47801.68,1,0.0,0
20260825,20261024,800000000231,37053102,12,0,1602,667,B,K,1,A,F,2,31,37958.37,1,37958.37,1,0.0,0
20260902,20261031,800000000232,60371558,15,0,1641,756,A,,5,,S,2,21,148969.49,1,143506.32,1,5463.17,1
20260825,20261031,800000000232,60371558,20,0,1641,739,C,,1,,O,25,21,88764.22,1,88764.22,1,0.0,0
20260902,20261006,800000000233,86893142,43,0,1665,850,B,K,1,,O,2,10,58607.8,1,57239.93,1,1367.87,1
20260825,20261006,800000000233,86893142,40,0,1691,828,B,K,5,A,F,25,10,75933.96,1,72572.67,1,3361.29,1
20260902,20261018,800000000234,14306326,64,0,1694,740,B,,2,A,S,18,32,62112.12,1,62112.12,1,0.0,0
20260825,20261018,800000000234,14306326,60,0,1650,629,C,,1,,S,25,32,58881.23,1,58881.23,1,0.0,0
20260902,20261009,800000000235,34019729,7,0,1606,674,A,K,1,,O,10,26,32548.1,1,32548.1,1,0.0,0
20260825,20261009,800000000235,34019729,3,0,1660,723,C,,2,,S,2,26,27659.98,1,27659.98,1,0.0,0
20260902,20261016,800000000236,27313846,14,0,1617,770,B,K,5,A,O,18,11,10287.99,1,10287.99,1,0.0,0
20260825,20261016,800000000236,27313846,7,0,1629,781,B,,1,,O,10,11,9270.14,1,9270.14,1,0.0,0
20260902,20261026,800000000237,89832858,29,0,1649,779,B,,1,,O,10,12,9918.08,1,9918.08,1,0.0,0
20260825,20261026,800000000237,89832858,17,0,1611,791,C,,2,,O,2,12,11489.9,1,11489.9,1,0.0,0
20260902,20261022,800000000238,67608008,9,0,1615,772,B,,5,,F,18,20,63772.07,1,60647.22,1,3124.85,1
20260825,20261022,800000000238,67608008,58,0,1648,801,A,K,1,A,O,25,20,99753.88,1,99753.88,1,0.0,0
20260902,20261031,800000000239,79726479,37,0,1615,655,C,K,1,,S,2,18,72399.88,1,72399.88,1,0.0,0
20260825,20261031,800000000239,79726479,7,0,1642,716,C,,5,A,S,25,18,110045.65,1,110045.65,1,0.0,0
20260902,20260929,800000000240,27864633,54,0,1639,731,B,,5,,F,25,28,17060.78,1,16243.12,1,817.66,1
20260825,20260929,800000000240,27864633,36,0,1656,677,A,K,5,,O,2,28,40040.6,1,40040.6,1,0.0,0
20260902,20260926,800000000241,89620625,46,0,1654,774,B,K,1,,S,2,10,837.32,1,837.32,1,0.0,0
20260825,20260926,800000000241,89620625,57,0,1689,754,B,K,1,,S,2,10,673.61,1,673.61,1,0.0,0
20260902,20261029,800000000242,34990046,1,0,1689,850,A,K,5,A,O,18,20,49638.5,1,49638.5,1,0.0,0
20260825,20261029,800000000242,34990046,25,0,1691,809,A,K,5,A,F,10,20,17156.45,1,17156.45,1,0.0,0
20260902,20261109,800000000243,39042654,55,0,1697,794,B,K,1,,O,2,27,11231.65,1,11231.65,1,0.0,0
20260825,20261109,800000000243,39042654,17,0,1693,824,C,K,2,,S,25,27,24861.81,1,24861.81,1,0.0,0
20260902,20261028,800000000244,91964794,16,0,1672,737,A,K,5,,F,25,20,73654.91,1,73654.91,1,0.0,0
20260825,20261028,800000000244,91964794,12,0,1630,701,B,,5,A,O,10,20,57066.94,1,57066.94,1,0.0,0
20260902,20261012,800000000245,61696348,13,0,1664,710,A,,5,,F,18,30,43841.87,1,43841.87,1,0.0,0
20260825,20261012,800000000245,61696348,67,0,1661,697,B,,1,,S,25,30,55090.89,1,55090.89,1,0.0,0
20260902,20261030,800000000246,43408234,36,5,1626,380,F,,1,B,S,10,33,39465.43,1,8679.27,1,30786.16,1
20260825,20261030,800000000246,43408234,13,5,1630,413,F,K,1,C,F,2,33,21575.38,1,3741.0,1,17834.38,1
20260902,20260924,800000000247,10656987,19,0,1614,834,C,,5,,F,18,35,96680.78,1,96680.78,1,0.0,0
20260825,20260924,800000000247,10656987,29,0,1611,695,A,K,2,,O,18,35,43272.21,1,43272.21,1,0.0,0
20260902,20261004,800000000248,53989340,13,2,1672,499,E,,2,C,O,10,30,18781.44,1,9331.61,1,9449.83,1
20260825,20261004,800000000248,53989340,47,2,1600,412,E,K,1,A,O,18,30,7307.49,1,3101.56,1,4205.93,1
20260902,20261026,800000000249,16304056,70,4,1676,300,E,,1,C,O,2,10,3525.56,1,1238.65,1,2286.91,1
20260825,20261026,800000000249,16304056,84,4,1624,363,E,,5,C,O,10,10,6456.8,1,1948.72,1,4508.08,1
20260902,20261009,800000000250,92415327,32,0,1622,790,B,K,2,,F,18,24,41455.38,1,41455.38,1,0.0,0
20260825,20261009,800000000250,92415327,19,0,1611,810,B,K,5,A,O,18,24,84372.77,1,84372.77,1,0.0,0
20260902,20261021,800000000251,44720447,14,0,1668,764,A,K,2,A,F,25,12,39634.9,1,39634.9,1,0.0,0
20260825,20261021,800000000251,44720447,27,0,1688,772,C,K,2,,F,25,12,60386.44,1,60386.44,1,0.0,0
20260902,20261011,800000000252,39991874,1,0,1625,686,B,K,1,,S,25,15,71937.66,1,71937.66,1,0.0,0
20260825,20261011,800000000252,39991874,92,0,1600,729,C,,2,A,O,25,15,71693.65,1,71693.65,1,0.0,0
20260902,20261024,800000000253,62137114,10,0,1629,679,A,,5,A,S,18,18,27145.61,1,27145.61,1,0.0,0
20260825,20261024,800000000253,62137114,51,0,1611,651,B,K,2,,O,10,18,24498.29,1,24498.29,1,0.0,0
20260902,20260927,800000000254,36380882,82,0,1686,617,C,K,1,,S,2,19,86088.18,1,86088.18,1,0.0,0
20260825,20260927,800000000254,36380882,22,0,1686,614,A,,2,,O,18,19,144176.05,1,144176.05,1,0.0,0
20260902,20261003,800000000255,88103997,17,0,1697,677,B,,2,,O,10,14,37547.56,1,37547.56,1,0.0,0
20260825,20261003,800000000255,88103997,44,0,1673,700,C,K,5,,F,10,14,100567.77,1,100567.77,1,0.0,0
20260902,20261025,800000000256,35738049,2,3,1612,314,C,K,5,A,F,25,27,8000.95,1,3136.19,1,4864.76,1
20260825,20261025,800000000256,35738049,6,3,1650,355,C,,5,C,F,18,27,3152.42,1,1093.93,1,2058.49,1
20260902,20261005,800000000257,60096709,2,0,1634,672,B,,1,,O,10,24,16387.03,1,16387.03,1,0.0,0
20260825,20261005,800000000257,60096709,14,0,1602,597,C,,5,,S,25,24,16258.74,1,16258.74,1,0.0,0
20260902,20261010,800000000258,85068634,63,0,1697,761,B,K,1,,F,10,25,22502.44,1,22502.44,1,0.0,0
20260825,20261010,800000000258,85068634,44,0,1680,716,B,K,2,,O,18,25,27434.5,1,27434.5,1,0.0,0
20260902,20261003,800000000259,46866765,22,0,1684,816,C,K,1,A,O,2,18,1776.77,1,1770.57,1,6.2,1
20260825,20261003,800000000259,46866765,35,0,1609,731,B,K,2,A,O,18,18,5045.83,1,5045.83,1,0.0,0
20260902,20261024,800000000260,59393042,28,0,1660,778,C,,2,,F,10,33,39120.02,1,39120.02,1,0.0,0
20260825,20261024,800000000260,59393042,30,0,1692,789,C,K,5,,S,25,33,82518.4,1,82518.4,1,0.0,0
20260902,20261013,800000000261,53744878,54,0,1626,770,C,K,1,,S,25,31,53512.28,1,53512.28,1,0.0,0
20260825,20261013,800000000261,53744878,83,0,1645,769,A,,1,A,F,10,31,59397.85,1,59397.85,1,0.0,0
20260902,20261007,800000000262,77463037,28,0,1649,753,A,,1,,S,2,21,31442.79,1,31442.79,1,0.0,0
20260825,20261007,800000000262,77463037,21,0,1625,774,C,,1,,O,10,21,13448.57,1,13448.57,1,0.0,0
20260902,20261004,800000000263,66137195,2,0,1608,636,C,,5,,O,2,28,38976.63,1,38976.63,1,0.0,0
20260825,20261004,800000000263,66137195,8,0,1613,700,B,,5,A,F,2,28,38599.4,1,38599.4,1,0.0,0
20260902,20261014,800000000264,68203136,10,0,1680,809,A,,5,,S,2,27,65792.43,1,65792.43,1,0.0,0
20260825,20261014,800000000264,68203136,7,0,1620,822,A,,1,,S,10,27,48502.71,1,48502.71,1,0.0,0
20260902,20260928,800000000265,10502382,4,0,1627,649,B,,5,A,S,18,21,124369.89,1,124369.89,1,0.0,0
20260825,20260928,800000000265,10502382,73,0,1605,665,A,,1,A,F,10,21,43194.9,1,41133.33,1,2061.57,1
20260902,20261028,800000000266,82113350,12,0,1655,687,C,,5,A,S,2,21,169103.98,1,169103.98,1,0.0,0
20260825,20261028,800000000266,82113350,83,0,1625,690,A,,1,,S,2,21,91154.82,1,91154.82,1,0.0,0
20260902,20261107,800000000267,66824417,51,0,1689,804,A,,1,A,F,25,13,30458.7,1,30458.7,1,0.0,0
20260825,20261107,800000000267,66824417,55,0,1631,665,A,,1,,O,18,13,50161.41,1,50161.41,1,0.0,0
20260902,20261006,800000000268,15355917,84,0,1606,850,A,,1,A,F,10,28,5551.82,1,5551.82,1,0.0,0
20260825,20261006,800000000268,15355917,79,0,1692,758,C,K,2,,O,10,28,13608.69,1,13608.69,1,0.0,0
20260902,20261031,800000000269,12662692,103,0,1690,827,A,K,2,,S,10,23,78096.48,1,78096.48,1,0.0,0
20260825,20261031,800000000269,12662692,87,0,1611,782,B,,5,,S,25,23,74744.54,1,74744.54,1,0.0,0
20260902,20261103,800000000270,85500790,51,0,1616,738,B,K,5,,O,10,20,22093.27,1,22093.27,1,0.0,0
20260825,20261103,800000000270,85500790,54,0,1618,723,C,,5,,F,18,20,31191.07,1,31191.07,1,0.0,0
20260902,20261106,800000000271,63854738,31,0,1666,748,A,,2,,O,25,14,22393.2,1,22393.2,1,0.0,0
20260825,20261106,800000000271,63854738,36,0,1614,721,C,K,2,A,S,10,14,43877.72,1,43877.72,1,0.0,0
20260902,20261024,800000000272,79946108,33,0,1682,708,C,,1,,F,2,22,19545.83,1,19545.83,1,0.0,0
20260825,20261024,800000000272,79946108,96,0,1620,766,C,,5,,O,25,22,44278.22,1,44278.22,1,0.0,0
20260902,20261021,800000000273,55119729,39,0,1632,682,A,K,2,,S,10,23,15492.03,1,15492.03,1,0.0,0
20260825,20261021,800000000273,55119729,41,0,1687,665,C,,2,A,O,10,23,15505.26,1,15505.26,1,0.0,0
20260902,20261020,800000000274,87164444,36,0,1634,746,C,K,2,,S,18,12,305.89,1,305.89,1,0.0,0
20260825,20261020,800000000274,87164444,2,0,1647,783,B,,1,,O,10,12,313.2,1,313.2,1,0.0,0
20260902,20261019,800000000275,66232116,54,0,1694,549,C,,5,A,S,10,18,74241.79,1,74241.79,1,0.0,0
20260825,20261019,800000000275,66232116,55,0,1640,570,C,,1,,O,2,18,113953.0,1,113953.0,1,0.0,0
20260902,20261014,800000000276,99043272,13,0,1682,792,A,,5,,F,25,12,67237.13,1,67237.13,1,0.0,0
20260825,20261014,800000000276,99043272,9,0,1684,755,A,,5,A,O,2,12,35578.54,1,35578.54,1,0.0,0
20260902,20261004,800000000277,21259361,2,0,1634,714,A,K,2,,S,10,33,88655.98,1,88655.98,1,0.0,0
20260825,20261004,800000000277,21259361,19,0,1633,691,A,K,1,,O,10,33,99723.69,1,99723.69,1,0.0,0
20260902,20261016,800000000278,34372157,45,0,1666,703,B,K,5,A,F,25,19,5300.81,1,5300.81,1,0.0,0
20260825,20261016,800000000278,34372157,51,0,1670,667,B,,1,,S,10,19,17418.0,1,17418.0,1,0.0,0
20260902,20261019,800000000279,60955165,8,0,1695,705,A,K,5,A,O,18,30,1964.25,1,1964.25,1,0.0,0
20260825,20261019,800000000279,60955165,28,0,1620,756,C,K,2,,F,25,30,1487.44,1,1487.44,1,0.0,0
20260902,20261006,800000000280,10953635,38,2,1651,426,D,K,1,B,O,10,33,4550.1,1,2736.86,1,1813.24,1
20260825,20261006,800000000280,10953635,34,2,1646,424,D,K,5,B,S,25,33,1763.55,1,997.89,1,765.66,1
20260902,20261003,800000000281,80449994,25,0,1690,790,A,,1,,F,18,33,29507.72,1,29507.72,1,0.0,0
20260825,20261003,800000000281,80449994,21,0,1687,716,A,,5,A,O,18,33,62564.22,1,62564.22,1,0.0,0
20260902,20261005,800000000282,84375928,60,0,1630,806,C,K,2,,F,25,17,39728.16,1,39728.16,1,0.0,0
20260825,20261005,800000000282,84375928,66,0,1609,732,C,K,2,A,F,18,17,51667.82,1,51667.82,1,0.0,0
20260902,20261009,800000000283,37954684,24,2,1685,528,D,K,5,B,S,25,17,57783.92,1,28497.9,1,29286.02,1
20260825,20261009,800000000283,37954684,23,2,1646,457,E,K,2,B,O,2,17,70091.48,1,33654.01,1,36437.47,1
20260902,20261014,800000000284,42171352,84,0,1617,671,B,,1,A,F,25,28,30743.73,1,30743.73,1,0.0,0
20260825,20261014,800000000284,42171352,77,0,1665,660,A,,5,A,S,2,28,92557.07,1,92557.07,1,0.0,0
20260902,20261003,800000000285,77280561,13,0,1675,677,A,K,2,,S,2,24,111132.68,1,111132.68,1,0.0,0
20260825,20261003,800000000285,77280561,28,0,1665,686,B,,2,A,S,10,24,80147.28,1,80147.28,1,0.0,0
20260902,20261010,800000000286,75993764,18,0,1698,755,B,,2,,O,18,28,21399.77,1,21399.77,1,0.0,0
20260825,20261010,800000000286,75993764,22,0,1693,731,A,,2,,O,10,28,14149.38,1,14149.38,1,0.0,0
20260902,20261007,800000000287,22267071,58,0,1607,755,A,,5,,S,2,12,68673.01,1,68673.01,1,0.0,0
20260825,20261007,800000000287,22267071,9,0,1638,759,C,,1,,F,18,12,47976.23,1,47976.23,1,0.0,0
20260902,20260927,800000000288,49413034,32,0,1600,704,C,,2,,O,2,32,57980.02,1,57980.02,1,0.0,0
20260825,20260927,800000000288,49413034,44,0,1688,736,B,K,1,,S,10,32,31401.27,1,31401.27,1,0.0,0
20260902,20261024,800000000289,73736212,51,0,1637,768,A,K,2,,S,18,35,80194.91,1,80194.91,1,0.0,0
20260825,20261024,800000000289,73736212,18,0,1636,780,A,,5,A,F,2,35,56071.32,1,56071.32,1,0.0,0
20260902,20261015,800000000290,23786913,18,3,1628,477,E,,2,B,O,18,33,31484.63,1,9997.4,1,21487.23,1
20260825,20261015,800000000290,23786913,107,3,1622,467,C,K,1,B,O,25,33,31312.78,1,14428.71,1,16884.07,1
20260902,20261013,800000000291,54166657,35,0,1669,691,A,,1,,O,2,23,50636.23,1,49517.66,1,1118.57,1
20260825,20261013,800000000291,54166657,23,0,1640,692,C,,1,A,O,10,23,33265.47,1,33265.47,1,0.0,0
20260902,20261026,800000000292,82463440,35,0,1670,813,A,K,1,,F,10,20,77887.98,1,77887.98,1,0.0,0
20260825,20261026,800000000292,82463440,39,0,1619,745,A,,5,,O,2,20,123562.89,1,123562.89,1,0.0,0
20260902,20261023,800000000293,61679484,19,0,1655,818,A,,5,,S,2,35,22821.7,1,22821.7,1,0.0,0
20260825,20261023,800000000293,61679484,5,0,1615,751,C,,1,A,F,25,35,30669.63,1,30669.63,1,0.0,0
20260902,20261021,800000000294,44786132,66,0,1667,707,C,,5,,O,10,16,93503.19,1,93503.19,1,0.0,0
20260825,20261021,800000000294,44786132,15,0,1693,726,C,,1,A,F,2,16,151966.59,1,151966.59,1,0.0,0
20260902,20261013,800000000295,33475742,4,0,1663,683,B,K,5,,F,18,20,43834.52,1,43834.52,1,0.0,0
20260825,20261013,800000000295,33475742,60,0,1652,721,A,K,1,A,F,10,20,85325.55,1,85325.55,1,0.0,0
20260902,20261007,800000000296,90525899,79,2,1691,479,C,,5,A,O,25,26,35573.18,1,21384.51,1,14188.67,1
20260825,20261007,800000000296,90525899,42,2,1623,505,D,K,5,C,F,2,26,28902.07,1,17549.64,1,11352.43,1
20260902,20261015,800000000297,19185716,30,0,1679,681,C,K,1,,F,25,10,61561.71,1,61561.71,1,0.0,0
20260825,20261015,800000000297,19185716,98,0,1643,765,A,K,2,,F,10,10,43136.19,1,43136.19,1,0.0,0
20260902,20261011,800000000298,72183211,101,0,1669,716,A,K,2,,S,18,27,40032.26,1,40032.26,1,0.0,0
20260825,20261011,800000000298,72183211,8,0,1677,691,B,K,5,,S,25,27,94168.55,1,94168.55,1,0.0,0
20260902,20261011,800000000299,33265233,104,0,1672,850,B,K,2,A,O,25,26,37255.04,1,37255.04,1,0.0,0
20260825,20261011,800000000299,33265233,103,0,1684,752,A,,5,A,S,18,26,17445.29,1,17445.29,1,0.0,0
20260902,20261028,800000000300,36592292,44,0,1615,777,C,,1,A,F,10,21,22109.22,1,22109.22,1,0.0,0
20260825,20261028,800000000300,36592292,79,0,1645,723,C,,1,A,O,25,21,71961.56,1,71961.56,1,0.0,0
20260902,20261025,800000000301,31785186,54,0,1615,729,B,,2,,O,10,21,27552.43,1,27552.43,1,0.0,0
20260825,20261025,800000000301,31785186,22,0,1670,763,A,,5,,S,2,21,29926.49,1,29926.49,1,0.0,0
20260902,20261013,800000000302,23725923,21,0,1603,772,C,K,2,,F,10,27,15646.68,1,15646.68,1,0.0,0
20260825,20261013,800000000302,23725923,31,0,1643,842,A,,1,,F,25,27,33362.88,1,33362.88,1,0.0,0
20260902,20261018,800000000303,79446086,73,0,1636,654,A,,2,,S,10,11,11080.05,1,11080.05,1,0.0,0
20260825,20261018,800000000303,79446086,40,0,1646,622,C,K,5,,F,18,11,7637.27,1,7637.27,1,0.0,0
20260902,20260929,800000000304,49002072,32,0,1694,657,A,K,1,,O,25,19,31003.56,1,31003.56,1,0.0,0
20260825,20260929,800000000304,49002072,15,0,1678,632,A,,2,,O,18,19,18090.76,1,17583.84,1,506.92,1
20260902,20261018,800000000305,70749138,75,2,1683,484,E,K,5,A,O,10,34,171404.18,1,82502.44,1,88901.74,1
20260825,20261018,800000000305,70749138,2,2,1628,481,E,K,5,C,S,25,34,87499.55,1,39399.65,1,48099.9,1
20260902,20260929,800000000306,32175759,106,0,1675,815,A,K,2,,S,25,19,105653.68,1,105653.68,1,0.0,0
20260825,20260929,800000000306,32175759,36,0,1632,790,C,K,2,,O,25,19,92784.01,1,92784.01,1,0.0,0
20260902,20261104,800000000307,61517501,95,0,1683,679,A,,1,A,S,18,34,42393.87,1,42393.87,1,0.0,0
20260825,20261104,800000000307,61517501,75,0,1640,669,B,K,2,,F,18,34,74198.67,1,74198.67,1,0.0,0
20260902,20261023,800000000308,74877167,76,0,1600,676,A,K,5,A,S,25,12,26597.78,1,26597.78,1,0.0,0
20260825,20261023,800000000308,74877167,28,0,1672,753,B,K,2,,F,25,12,31002.1,1,31002.1,1,0.0,0
20260902,20261105,800000000309,62597544,63,0,1657,801,A,,2,,S,25,22,26737.12,1,26737.12,1,0.0,0
20260825,20261105,800000000309,62597544,61,0,1612,797,B,K,2,,O,10,22,15313.65,1,15313.65,1,0.0,0
20260902,20261006,800000000310,91582318,18,3,1600,365,D,,5,B,S,18,18,20011.73,1,8491.96,1,11519.77,1
20260825,20261006,800000000310,91582318,59,3,1611,357,C,,2,C,F,10,18,69999.42,1,23837.07,1,46162.35,1
20260902,20261112,800000000311,62222770,39,0,1697,836,B,K,1,,F,18,27,66241.73,1,66241.73,1,0.0,0
20260825,20261112,800000000311,62222770,21,0,1614,752,B,K,5,,S,25,27,30806.68,1,30806.68,1,0.0,0
20260902,20261108,800000000312,66487030,53,0,1659,639,C,K,5,A,O,18,30,186879.8,1,186879.8,1,0.0,0
20260825,20261108,800000000312,66487030,53,0,1610,716,B,K,5,,O,25,30,43235.31,1,43235.31,1,0.0,0
20260902,20261008,800000000313,18597103,3,0,1654,565,A,K,2,,S,2,27,15589.31,1,15589.31,1,0.0,0
20260825,20261008,800000000313,18597103,25,0,1672,626,C,,1,,F,18,27,18594.14,1,18594.14,1,0.0,0
20260902,20261108,800000000314,84038808,39,0,1605,791,C,,2,,S,18,10,128157.91,1,128157.91,1,0.0,0
20260825,20261108,800000000314,84038808,95,0,1645,780,B,K,2,,F,18,10,113911.18,1,113911.18,1,0.0,0
20260902,20261017,800000000315,19169403,28,0,1692,554,A,K,5,A,F,10,11,39064.12,1,39064.12,1,0.0,0
20260825,20261017,800000000315,19169403,3,0,1660,563,C,K,2,,F,18,11,29322.79,1,29322.79,1,0.0,0
20260902,20261008,800000000316,24544037,49,0,1609,681,C,K,2,,F,25,19,14237.2,1,13725.35,1,511.85,1
20260825,20261008,800000000316,24544037,71,0,1686,740,B,,5,,O,10,19,12886.96,1,12886.96,1,0.0,0
20260902,20261019,800000000317,99492116,58,0,1672,711,B,K,1,,O,2,14,612.9,1,612.9,1,0.0,0
20260825,20261019,800000000317,99492116,38,0,1657,699,B,,2,,F,2,14,751.64,1,751.64,1,0.0,0
20260902,20260922,800000000318,74847454,67,4,1639,377,F,K,1,D,O,18,29,89486.78,1,25706.96,1,63779.82,1
20260825,20260922,800000000318,74847454,59,4,1659,387,E,K,5,D,S,25,29,39062.88,1,11778.29,1,27284.59,1
20260902,20261011,800000000319,64014743,30,1,1630,501,C,K,2,B,S,25,22,7872.53,1,5093.27,1,2779.26,1
20260825,20261011,800000000319,64014743,3,1,1696,542,E,K,2,A,F,10,22,16641.54,1,11883.89,1,4757.65,1
20260902,20261031,800000000320,33317675,12,0,1694,551,C,K,2,A,F,10,25,51068.41,1,48683.06,1,2385.35,1
20260825,20261031,800000000320,33317675,30,0,1663,565,A,,5,A,F,25,25,59668.05,1,59668.05,1,0.0,0
20260902,20260922,800000000321,47574724,23,0,1672,750,A,K,2,,S,18,18,9996.33,1,9996.33,1,0.0,0
20260825,20260922,800000000321,47574724,29,0,1644,734,B,,5,A,F,10,18,7040.38,1,7040.38,1,0.0,0
20260902,20261020,800000000322,17433978,66,0,1625,822,B,K,1,A,O,18,10,41233.54,1,41233.54,1,0.0,0
20260825,20261020,800000000322,17433978,48,0,1666,807,A,,5,,F,25,10,53445.54,1,53445.54,1,0.0,0
20260902,20260929,800000000323,89287426,76,0,1635,625,A,,5,,F,2,16,171171.18,1,171171.18,1,0.0,0
20260825,20260929,800000000323,89287426,35,0,1675,620,C,K,2,A,O,25,16,150612.08,1,150612.08,1,0.0,0
20260902,20261024,800000000324,80512681,31,1,1691,508,D,K,2,B,F,2,32,83072.76,1,45007.21,1,38065.55,1
20260825,20261024,800000000324,80512681,36,1,1657,505,E,K,2,C,S,25,32,98824.2,1,52629.42,1,46194.78,1
20260902,20261030,800000000325,47325155,45,0,1666,655,B,K,5,,S,25,22,139994.25,1,139994.25,1,0.0,0
20260825,20261030,800000000325,47325155,82,0,1641,694,B,K,2,,F,10,22,139717.82,1,139717.82,1,0.0,0
20260902,20261003,800000000326,53258571,46,4,1645,300,F,,5,B,O,10,33,39682.77,1,7010.8,1,32671.97,1
20260825,20261003,800000000326,53258571,52,4,1640,364,G,,1,C,F,2,33,48941.51,1,9606.51,1,39335.0,1
20260902,20261004,800000000327,57270850,82,0,1663,729,B,K,1,A,S,18,12,20318.29,1,20318.29,1,0.0,0
20260825,20261004,800000000327,57270850,75,0,1668,780,C,,5,A,S,18,12,31673.27,1,31673.27,1,0.0,0
20260902,20261109,800000000328,10798977,99,0,1630,734,B,,5,A,F,10,35,41963.39,1,40940.09,1,1023.3,1
20260825,20261109,800000000328,10798977,55,0,1685,779,C,K,1,,O,18,35,37240.84,1,37240.84,1,0.0,0
20260902,20261018,800000000329,23125005,10,0,1660,796,C,K,1,,F,18,19,43649.49,1,43649.49,1,0.0,0
20260825,20261018,800000000329,23125005,44,0,1608,826,C,,2,A,F,2,19,23541.24,1,23167.44,1,373.8,1
20260902,20261018,800000000330,81864134,40,0,1601,843,C,,1,,F,10,22,92489.79,1,92489.79,1,0.0,0
20260825,20261018,800000000330,81864134,72,0,1644,787,A,,1,,F,10,22,109350.18,1,109350.18,1,0.0,0
20260902,20261010,800000000331,12048834,64,0,1694,764,A,K,2,,O,2,35,10220.24,1,9763.61,1,456.63,1
20260825,20261010,800000000331,12048834,52,0,1680,733,C,K,5,A,F,25,35,5754.84,1,5754.84,1,0.0,0
20260902,20261028,800000000332,30755286,65,0,1608,698,A,,5,,S,25,25,5415.78,1,5415.78,1,0.0,0
20260825,20261028,800000000332,30755286,3,0,1641,705,B,K,1,,F,18,25,6672.55,1,6672.55,1,0.0,0
20260902,20261014,800000000333,12491156,4,3,1646,359,C,K,1,B,F,2,33,26637.85,1,8447.06,1,18190.79,1
20260825,20261014,800000000333,12491156,28,3,1642,452,C,,5,A,O,25,33,15206.04,1,7153.71,1,8052.33,1
20260902,20261019,800000000334,70077945,34,0,1680,774,A,,5,A,F,18,32,5023.65,1,5015.78,1,7.87,1
20260825,20261019,800000000334,70077945,56,0,1688,770,B,K,5,,F,25,32,2610.05,1,2610.05,1,0.0,0
20260902,20261026,800000000335,48619731,94,0,1682,704,C,K,5,,O,18,20,72094.19,1,72094.19,1,0.0,0
20260825,20261026,800000000335,48619731,62,0,1696,735,B,,5,,S,18,20,69624.11,1,68152.29,1,1471.82,1
20260902,20261017,800000000336,75874779,1,0,1626,655,C,K,2,,S,18,25,8019.28,1,8019.28,1,0.0,0
20260825,20261017,800000000336,75874779,34,0,1614,596,C,K,2,,F,10,25,29430.5,1,29430.5,1,0.0,0
20260902,20261003,800000000337,11868577,72,2,1690,553,D,K,5,C,F,10,14,100558.3,1,50567.38,1,49990.92,1
20260825,20261003,800000000337,11868577,82,2,1665,531,E,,5,A,F,25,14,71938.73,1,39814.96,1,32123.77,1
20260902,20261004,800000000338,43026667,75,0,1637,667,C,K,5,,S,18,30,180476.82,1,180476.82,1,0.0,0
20260825,20261004,800000000338,43026667,69,0,1608,750,B,K,2,,F,2,30,93775.65,1,93775.65,1,0.0,0
20260902,20261005,800000000339,13867351,31,2,1641,578,C,K,5,C,O,25,13,8313.71,1,4580.66,1,3733.05,1
20260825,20261005,800000000339,13867351,53,2,1694,553,D,K,5,B,S,10,13,18550.95,1,7751.0,1,10799.95,1
20260902,20261028,800000000340,23801136,24,0,1686,676,A,K,5,A,S,10,29,16967.55,1,16967.55,1,0.0,0
20260825,20261028,800000000340,23801136,30,0,1623,720,A,K,1,A,S,18,29,32900.37,1,32900.37,1,0.0,0
20260902,20261105,800000000341,38049990,27,0,1608,825,C,K,2,,F,18,33,14147.68,1,14147.68,1,0.0,0
20260825,20261105,800000000341,38049990,30,0,1658,747,A,K,2,A,S,25,33,12771.6,1,12630.48,1,141.12,1
20260902,20261007,800000000342,43131736,7,0,1634,816,B,,2,A,O,18,10,34194.76,1,34194.76,1,0.0,0
20260825,20261007,800000000342,43131736,34,0,1685,764,A,K,2,,S,18,10,85873.2,1,85873.2,1,0.0,0
20260902,20261003,800000000343,69507748,39,2,1666,481,C,,5,C,F,2,10,76988.07,1,46258.05,1,30730.02,1
20260825,20261003,800000000343,69507748,23,2,1648,551,E,K,5,C,F,10,10,76851.44,1,38559.11,1,38292.33,1
20260902,20261012,800000000344,45376362,20,2,1674,485,C,,1,B,O,25,27,135798.64,1,71210.28,1,64588.36,1
20260825,20261012,800000000344,45376362,16,2,1611,498,C,,1,B,S,25,27,64769.58,1,29330.13,1,35439.45,1
20260902,20261010,800000000345,84348135,24,0,1604,850,B,,1,,S,18,13,55592.44,1,55592.44,1,0.0,0
20260825,20261010,800000000345,84348135,70,0,1674,760,A,,1,A,F,10,13,73559.94,1,73559.94,1,0.0,0
20260902,20261013,800000000346,62744287,49,0,1618,647,C,K,2,A,F,2,35,36586.43,1,36586.43,1,0.0,0
20260825,20261013,800000000346,62744287,80,0,1655,614,A,,1,A,O,10,35,39014.01,1,39014.01,1,0.0,0
20260902,20261014,800000000347,66773510,31,0,1674,732,A,K,1,,F,10,13,40932.06,1,40932.06,1,0.0,0
20260825,20261014,800000000347,66773510,34,0,1623,696,C,,1,,O,10,13,70421.8,1,70421.8,1,0.0,0
20260902,20261026,800000000348,41567251,31,0,1655,663,A,K,2,A,S,10,21,20105.96,1,20105.96,1,0.0,0
20260825,20261026,800000000348,41567251,6,0,1654,679,A,,1,,O,25,21,34431.39,1,34431.39,1,0.0,0
20260902,20261026,800000000349,70580360,55,0,1694,848,C,K,5,,S,25,33,18196.48,1,17296.62,1,899.86,1
20260825,20261026,800000000349,70580360,34,0,1686,786,B,,1,A,O,18,33,44755.99,1,44755.99,1,0.0,0
20260902,20261008,800000000350,30188465,60,0,1661,749,C,,1,A,S,10,35,24691.14,1,24691.14,1,0.0,0
20260825,20261008,800000000350,30188465,23,0,1617,733,C,,1,,O,2,35,26107.77,1,26107.77,1,0.0,0
20260902,20261017,800000000351,10903018,17,0,1603,642,A,K,2,,O,10,14,41400.34,1,41400.34,1,0.0,0
20260825,20261017,800000000351,10903018,9,0,1695,581,A,K,2,A,O,18,14,73434.29,1,73200.69,1,233.6,1
20260902,20261020,800000000352,15459004,35,0,1639,656,B,,5,A,O,18,27,57111.3,1,57111.3,1,0.0,0
20260825,20261020,800000000352,15459004,6,0,1630,727,C,,1,A,F,18,27,41058.13,1,41058.13,1,0.0,0
20260902,20261101,800000000353,98652603,59,0,1697,799,C,,1,,S,10,19,27410.69,1,27410.69,1,0.0,0
20260825,20261101,800000000353,98652603,46,0,1619,731,A,,5,,F,10,19,43552.4,1,43552.4,1,0.0,0
20260902,20261010,800000000354,11906567,58,0,1653,805,C,,5,,F,25,31,31956.95,1,31956.95,1,0.0,0
20260825,20261010,800000000354,11906567,11,0,1665,850,A,K,1,,F,25,31,52757.51,1,52757.51,1,0.0,0
20260902,20261107,800000000355,67612115,8,0,1652,821,B,K,2,A,O,10,25,12662.82,1,12662.82,1,0.0,0
20260825,20261107,800000000355,67612115,14,0,1662,850,B,K,5,A,O,18,25,25087.55,1,25087.55,1,0.0,0
20260902,20261024,800000000356,20405441,55,0,1619,723,C,K,5,A,S,10,27,56432.8,1,56432.8,1,0.0,0
20260825,20261024,800000000356,20405441,10,0,1643,740,A,,2,,S,2,27,40930.76,1,40930.76,1,0.0,0
20260902,20261010,800000000357,60579208,85,0,1692,708,A,,2,A,S,18,20,51909.77,1,51909.77,1,0.0,0
20260825,20261010,800000000357,60579208,82,0,1637,750,A,,1,,S,18,20,89012.91,1,88269.26,1,743.65,1
20260902,20261007,800000000358,54281221,2,0,1682,850,C,,1,,S,25,20,108732.34,1,107288.79,1,1443.55,1
20260825,20261007,800000000358,54281221,14,0,1644,764,B,K,5,,F,18,20,48656.12,1,48656.12,1,0.0,0
20260902,20260928,800000000359,44635993,78,0,1644,713,B,,1,A,S,10,21,4058.23,1,4058.23,1,0.0,0
20260825,20260928,800000000359,44635993,15,0,1631,752,A,,1,,S,18,21,10640.99,1,10640.99,1,0.0,0
20260902,20261006,800000000360,96073512,31,0,1693,821,C,K,1,,S,10,17,72967.86,1,72967.86,1,0.0,0
20260825,20261006,800000000360,96073512,54,0,1613,807,C,,5,,O,18,17,114450.65,1,114450.65,1,0.0,0
20260902,20261019,800000000361,43183955,55,0,1677,674,B,,1,A,O,18,21,12528.56,1,12528.56,1,0.0,0
20260825,20261019,800000000361,43183955,39,0,1671,698,A,K,2,A,F,18,21,8601.02,1,8601.02,1,0.0,0
20260902,20261115,800000000362,16808176,34,0,1659,712,C,K,5,A,O,18,23,28993.24,1,28993.24,1,0.0,0
20260825,20261115,800000000362,16808176,46,0,1621,668,C,K,2,,F,10,23,14634.46,1,14634.46,1,0.0,0
20260902,20261023,800000000363,39249638,3,0,1696,639,C,,2,A,O,10,21,6203.99,1,6203.99,1,0.0,0
20260825,20261023,800000000363,39249638,59,0,1632,724,B,K,2,A,S,18,21,22579.31,1,22579.31,1,0.0,0
20260902,20261028,800000000364,52332948,13,0,1605,781,C,,1,,S,10,34,21484.4,1,21484.4,1,0.0,0
20260825,20261028,800000000364,52332948,22,0,1615,739,A,,2,,O,2,34,5995.53,1,5995.53,1,0.0,0
20260902,20261026,800000000365,24919279,16,0,1604,795,A,,2,,O,25,31,65591.14,1,64929.53,1,661.61,1
20260825,20261026,800000000365,24919279,29,0,1615,722,C,,5,,S,18,31,16514.21,1,16514.21,1,0.0,0
20260902,20261005,800000000366,72031070,55,0,1629,759,B,,2,,F,18,23,19085.74,1,19085.74,1,0.0,0
20260825,20261005,800000000366,72031070,47,0,1621,726,C,K,1,,O,25,23,43438.11,1,43438.11,1,0.0,0
20260902,20261102,800000000367,78765957,6,0,1674,686,B,K,2,A,S,2,24,72621.71,1,72621.71,1,0.0,0
20260825,20261102,800000000367,78765957,3,0,1683,697,B,,2,,S,25,24,40711.05,1,40711.05,1,0.0,0
20260902,20261026,800000000368,84151353,3,2,1626,462,E,,1,A,S,10,10,27492.35,1,16584.01,1,10908.34,1
20260825,20261026,800000000368,84151353,31,2,1642,478,C,K,1,A,O,10,10,53237.14,1,24038.75,1,29198.39,1
20260902,20261025,800000000369,10106162,52,0,1669,723,B,,1,A,S,18,13,14775.66,1,14775.66,1,0.0,0
20260825,20261025,800000000369,10106162,35,0,1688,807,A,,5,,O,25,13,24173.11,1,24173.11,1,0.0,0
20260902,20261020,800000000370,95972162,75,0,1666,769,B,,5,,F,10,32,88457.04,1,88457.04,1,0.0,0
20260825,20261020,800000000370,95972162,9,0,1665,755,A,K,2,,O,2,32,29648.84,1,29648.84,1,0.0,0
20260902,20261106,800000000371,65343779,22,0,1693,675,C,,5,,S,2,28,5832.77,1,5832.77,1,0.0,0
20260825,20261106,800000000371,65343779,8,0,1694,766,B,,2,,F,25,28,9137.13,1,9137.13,1,0.0,0
20260902,20261026,800000000372,62867069,41,0,1694,812,B,,1,A,S,2,29,75957.38,1,73144.57,1,2812.81,1
20260825,20261026,800000000372,62867069,58,0,1679,814,A,,1,A,F,10,29,63740.6,1,63740.6,1,0.0,0
20260902,20261021,800000000373,88681207,67,0,1678,834,B,K,5,,O,18,15,35453.88,1,35453.88,1,0.0,0
20260825,20261021,800000000373,88681207,84,0,1656,781,A,,1,,F,10,15,27943.07,1,27943.07,1,0.0,0
20260902,20260930,800000000374,22276205,1,0,1614,850,A,,2,,S,18,16,43128.81,1,43128.81,1,0.0,0
20260825,20260930,800000000374,22276205,12,0,1638,836,A,,2,,S,10,16,33265.61,1,33265.61,1,0.0,0
20260902,20261006,800000000375,62679601,74,0,1624,769,B,K,2,A,F,25,24,66350.68,1,66350.68,1,0.0,0
20260825,20261006,800000000375,62679601,37,0,1615,767,B,,1,,F,2,24,84590.8,1,84590.8,1,0.0,0
20260902,20261013,800000000376,51783341,61,0,1696,825,C,K,1,A,O,25,29,16103.0,1,16103.0,1,0.0,0
20260825,20261013,800000000376,51783341,59,0,1664,746,B,K,5,,S,18,29,8906.16,1,8906.16,1,0.0,0
20260902,20261020,800000000377,62585749,54,0,1646,725,A,,1,,S,18,20,1094.28,1,1094.28,1,0.0,0
20260825,20261020,800000000377,62585749,78,0,1629,691,A,,2,,F,2,20,3579.38,1,3579.38,1,0.0,0
20260902,20261028,800000000378,70297305,9,0,1600,764,A,K,2,A,F,25,29,4261.06,1,4261.06,1,0.0,0
20260825,20261028,800000000378,70297305,19,0,1685,753,B,,1,A,S,18,29,5351.13,1,5351.13,1,0.0,0
20260902,20261010,800000000379,96048381,28,3,1620,435,E,K,2,A,O,18,33,8415.39,1,2612.83,1,5802.56,1
20260825,20261010,800000000379,96048381,1,3,1633,473,C,,2,C,S,2,33,6809.22,1,2494.7,1,4314.52,1
20260902,20261028,800000000380,67392300,68,0,1636,657,C,,1,A,O,25,31,1241.74,1,1185.42,1,56.32,1
20260825,20261028,800000000380,67392300,35,0,1688,617,A,K,5,,O,25,31,844.85,1,844.85,1,0.0,0
20260902,20261016,800000000381,28405833,30,0,1632,805,A,K,1,A,F,25,24,23927.13,1,23927.13,1,0.0,0
20260825,20261016,800000000381,28405833,30,0,1666,789,B,K,2,,S,25,24,24873.88,1,24873.88,1,0.0,0
20260902,20261021,800000000382,95032438,38,0,1692,775,A,K,1,A,F,10,18,10257.75,1,10257.75,1,0.0,0
20260825,20261021,800000000382,95032438,84,0,1609,801,B,K,1,,O,10,18,10270.2,1,9934.75,1,335.45,1
20260902,20261008,800000000383,44846904,10,0,1670,748,B,K,1,,F,2,35,41110.97,1,39749.06,1,1361.91,1
20260825,20261008,800000000383,44846904,33,0,1658,825,B,,2,A,S,10,35,48968.18,1,47710.62,1,1257.56,1
20260902,20260929,800000000384,15003131,50,0,1678,774,C,K,2,,S,25,34,767.51,1,767.51,1,0.0,0
20260825,20260929,800000000384,15003131,30,0,1699,730,C,K,1,,O,10,34,391.35,1,391.35,1,0.0,0
20260902,20261022,800000000385,90786882,25,0,1651,768,A,,1,,S,18,29,26374.6,1,26374.6,1,0.0,0
20260825,20261022,800000000385,90786882,1,0,1699,749,C,,2,,O,10,29,32467.85,1,32467.85,1,0.0,0
20260902,20261018,800000000386,61588477,52,0,1683,699,B,K,5,,O,18,19,105652.7,1,103408.14,1,2244.56,1
20260825,20261018,800000000386,61588477,16,0,1608,697,C,K,5,,O,18,19,30141.76,1,30141.76,1,0.0,0
20260902,20261009,800000000387,18135368,106,0,1691,799,C,,2,A,F,10,33,6594.74,1,6594.74,1,0.0,0
20260825,20261009,800000000387,18135368,90,0,1678,798,C,K,1,,S,10,33,24725.95,1,24725.95,1,0.0,0
20260902,20261027,800000000388,94257504,1,0,1684,763,C,K,1,,F,25,25,41941.72,1,41941.72,1,0.0,0
20260825,20261027,800000000388,94257504,4,0,1622,756,A,,2,A,O,2,25,15276.29,1,15276.29,1,0.0,0
20260902,20261019,800000000389,45974306,63,1,1687,623,C,K,1,C,S,25,25,89878.33,1,47874.51,1,42003.82,1
20260825,20261019,800000000389,45974306,16,1,1668,608,E,K,1,C,S,25,25,40195.9,1,28670.33,1,11525.57,1
20260902,20261023,800000000390,66269520,11,0,1636,754,B,,2,A,F,25,34,46258.73,1,44233.91,1,2024.82,1
20260825,20261023,800000000390,66269520,19,0,1658,722,C,K,5,,O,10,34,47529.4,1,47529.4,1,0.0,0
20260902,20261011,800000000391,51250234,28,0,1676,749,A,,5,,O,10,35,23320.55,1,23320.55,1,0.0,0
20260825,20261011,800000000391,51250234,30,0,1655,664,C,,5,,O,25,35,38238.45,1,37732.95,1,505.5,1
20260902,20260924,800000000392,23624248,106,3,1647,415,E,K,5,C,F,2,34,23317.94,1,11334.03,1,11983.91,1
20260825,20260924,800000000392,23624248,51,3,1622,305,C,K,5,A,S,10,34,14682.37,1,5612.27,1,9070.1,1
20260902,20260919,800000000393,17653238,49,0,1609,752,B,K,2,A,S,10,28,1544.23,1,1544.23,1,0.0,0
20260825,20260919,800000000393,17653238,64,0,1613,763,A,,5,,O,2,28,1544.05,1,1477.9,1,66.15,1
20260902,20261027,800000000394,46811576,2,0,1626,739,C,,1,,F,25,31,22757.2,1,22757.2,1,0.0,0
20260825,20261027,800000000394,46811576,29,0,1609,841,C,K,5,,O,10,31,28983.49,1,28983.49,1,0.0,0
20260902,20261021,800000000395,75122376,18,0,1667,575,A,K,5,,F,18,14,35663.23,1,35663.23,1,0.0,0
20260825,20261021,800000000395,75122376,36,0,1617,647,B,,2,A,S,10,14,57322.63,1,57322.63,1,0.0,0
20260902,20261025,800000000396,78801845,7,0,1640,685,A,K,5,A,F,10,20,18495.12,1,18495.12,1,0.0,0
20260825,20261025,800000000396,78801845,6,0,1600,591,A,K,1,,S,2,20,50658.7,1,50658.7,1,0.0,0
20260902,20261024,800000000397,51198679,21,0,1699,755,A,,5,A,O,2,17,65994.56,1,65994.56,1,0.0,0
20260825,20261024,800000000397,51198679,5,0,1603,751,A,K,1,A,O,10,17,27152.8,1,27152.8,1,0.0,0
20260902,20261026,800000000398,96416288,19,4,1683,476,F,K,2,B,S,25,11,43713.27,1,16129.96,1,27583.31,1
20260825,20261026,800000000398,96416288,27,4,1620,367,F,,5,D,S,25,11,75120.8,1,21095.77,1,54025.03,1
20260902,20261024,800000000399,35460188,95,0,1630,737,C,,2,,F,10,19,19400.68,1,18679.08,1,721.6,1
20260825,20261024,800000000399,35460188,81,0,1628,813,B,,2,A,O,10,19,10056.64,1,10056.64,1,0.0,0
20260902,20261018,800000000400,27412946,9,3,1685,315,E,K,2,A,O,25,24,21499.59,1,9592.64,1,11906.95,1
20260825,20261018,800000000400,27412946,25,3,1642,383,D,,5,A,S,18,24,8457.4,1,4050.66,1,4406.74,1
20260902,20261010,800000000401,25578562,58,0,1620,709,A,K,5,,S,18,32,53588.75,1,53588.75,1,0.0,0
20260825,20261010,800000000401,25578562,15,0,1658,814,B,K,2,,S,10,32,76341.6,1,76341.6,1,0.0,0
20260902,20261114,800000000402,36745578,29,0,1672,673,A,,1,A,O,2,32,28281.59,1,28281.59,1,0.0,0
20260825,20261114,800000000402,36745578,15,0,1648,635,C,K,5,,F,2,32,44463.03,1,44463.03,1,0.0,0
20260902,20261024,800000000403,65938288,57,0,1656,700,A,K,5,,F,25,19,23072.8,1,23072.8,1,0.0,0
20260825,20261024,800000000403,65938288,5,0,1638,692,B,,1,,F,2,19,59956.78,1,59956.78,1,0.0,0
20260902,20261027,800000000404,20667011,27,0,1634,719,B,,1,,S,2,14,23382.13,1,23382.13,1,0.0,0
20260825,20261027,800000000404,20667011,10,0,1620,734,B,,2,A,O,2,14,17942.93,1,17942.93,1,0.0,0
20260902,20261013,800000000405,97378283,8,0,1692,760,A,,2,,O,10,18,16942.13,1,16942.13,1,0.0,0
20260825,20261013,800000000405,97378283,57,0,1614,776,C,K,2,,S,18,18,33942.79,1,33942.79,1,0.0,0
20260902,20261023,800000000406,89222599,8,0,1622,744,A,,1,,F,2,10,39063.64,1,39063.64,1,0.0,0
20260825,20261023,800000000406,89222599,91,0,1662,738,B,,2,,F,18,10,136852.56,1,136852.56,1,0.0,0
20260902,20261022,800000000407,61829701,42,0,1612,844,B,K,1,,O,2,17,21322.3,1,21322.3,1,0.0,0
20260825,20261022,800000000407,61829701,27,0,1605,772,C,,2,A,F,25,17,30637.22,1,30637.22,1,0.0,0
20260902,20261108,800000000408,86138371,34,0,1635,831,C,K,1,A,F,2,28,6214.14,1,6214.14,1,0.0,0
20260825,20261108,800000000408,86138371,55,0,1650,756,C,,1,,O,2,28,6554.87,1,6554.87,1,0.0,0
20260902,20261018,800000000409,33366938,11,0,1658,676,B,K,2,,F,18,30,61019.59,1,61019.59,1,0.0,0
20260825,20261018,800000000409,33366938,39,0,1699,646,B,,5,,S,18,30,24302.26,1,24302.26,1,0.0,0
20260902,20261109,800000000410,53481023,42,0,1682,778,A,K,1,A,O,18,28,92460.26,1,92460.26,1,0.0,0
20260825,20261109,800000000410,53481023,57,0,1643,821,C,,5,,F,25,28,20215.43,1,20215.43,1,0.0,0
20260902,20261018,800000000411,40086794,26,2,1677,511,E,K,5,C,O,10,12,6664.72,1,3025.89,1,3638.83,1
20260825,20261018,800000000411,40086794,33,2,1649,503,C,,1,A,S,18,12,22749.57,1,11371.17,1,11378.4,1
20260902,20261003,800000000412,35247526,13,0,1643,810,B,K,5,,F,10,10,37068.36,1,37068.36,1,0.0,0
20260825,20261003,800000000412,35247526,10,0,1600,756,C,,2,A,S,2,10,23557.39,1,23557.39,1,0.0,0
20260902,20261019,800000000413,63453807,20,0,1605,786,A,,1,,F,18,16,28725.72,1,28725.72,1,0.0,0
20260825,20261019,800000000413,63453807,24,0,1653,816,C,,5,A,F,25,16,41590.13,1,41216.66,1,373.47,1
20260902,20261101,800000000414,33049268,14,0,1696,694,A,,2,,F,18,26,105056.82,1,105056.82,1,0.0,0
20260825,20261101,800000000414,33049268,32,0,1693,766,B,,5,A,O,10,26,50573.05,1,50488.66,1,84.39,1
20260902,20261017,800000000415,99204909,14,0,1616,716,B,K,1,,F,10,25,68942.0,1,68942.0,1,0.0,0
20260825,20261017,800000000415,99204909,26,0,1687,785,B,K,2,A,O,25,25,38334.36,1,37997.1,1,337.26,1
20260902,20261026,800000000416,98408517,36,0,1689,791,A,,1,A,F,25,14,143232.19,1,143232.19,1,0.0,0
20260825,20261026,800000000416,98408517,83,0,1678,775,C,K,5,,O,25,14,156106.54,1,156106.54,1,0.0,0
20260902,20261103,800000000417,68166960,47,0,1697,783,C,,5,A,F,2,33,48701.98,1,48701.98,1,0.0,0
20260825,20261103,800000000417,68166960,48,0,1622,786,C,,2,,F,2,33,29266.46,1,29266.46,1,0.0,0
20260902,20261028,800000000418,70877634,13,0,1674,744,A,,2,A,S,18,18,20206.41,1,20206.41,1,0.0,0
20260825,20261028,800000000418,70877634,24,0,1601,728,C,K,1,A,F,18,18,15073.73,1,15073.73,1,0.0,0
20260902,20261014,800000000419,23889318,76,0,1630,552,A,K,2,,F,2,22,39578.45,1,37709.72,1,1868.73,1
20260825,20261014,800000000419,23889318,21,0,1604,587,B,K,1,,S,18,22,57306.45,1,57306.45,1,0.0,0
20260902,20261101,800000000420,72225458,70,2,1602,441,D,,5,C,O,10,22,23806.59,1,10083.1,1,13723.49,1
20260825,20261101,800000000420,72225458,43,2,1609,399,D,,5,C,O,10,22,51873.14,1,30815.32,1,21057.82,1
20260902,20260921,800000000421,11894040,59,0,1620,789,A,K,5,A,O,25,14,55532.74,1,55532.74,1,0.0,0
20260825,20260921,800000000421,11894040,25,0,1612,778,C,K,5,,F,10,14,76992.4,1,76992.4,1,0.0,0
20260902,20261009,800000000422,79105628,31,1,1685,434,E,,2,C,S,25,34,22126.42,1,12817.7,1,9308.72,1
20260825,20261009,800000000422,79105628,28,1,1639,499,C,K,2,A,F,18,34,88836.36,1,50488.6,1,38347.76,1
20260902,20261018,800000000423,17059683,47,0,1639,646,B,K,1,A,S,10,14,3292.0,1,3292.0,1,0.0,0
20260825,20261018,800000000423,17059683,14,0,1609,670,A,K,1,,S,25,14,2849.17,1,2849.17,1,0.0,0
20260902,20261027,800000000424,85253566,37,0,1655,786,B,,5,A,O,18,33,35337.82,1,35337.82,1,0.0,0
20260825,20261027,800000000424,85253566,41,0,1627,738,C,,5,A,S,18,33,11584.69,1,11584.69,1,0.0,0
20260902,20261011,800000000425,81104791,71,4,1642,415,E,K,2,B,F,10,32,101720.47,1,18017.07,1,83703.4,1
20260825,20261011,800000000425,81104791,31,4,1665,357,F,,1,C,F,2,32,132540.01,1,36697.51,1,95842.5,1
20260902,20261027,800000000426,34466254,5,0,1627,815,A,K,5,,F,10,15,98011.73,1,98011.73,1,0.0,0
20260825,20261027,800000000426,34466254,8,0,1630,752,B,,5,A,O,2,15,55580.43,1,55580.43,1,0.0,0
20260902,20261018,800000000427,84935401,29,2,1695,519,E,K,1,B,S,25,18,1264.95,1,617.65,1,647.3,1
20260825,20261018,800000000427,84935401,16,2,1679,537,C,,5,A,O,2,18,1180.78,1,604.02,1,576.76,1
20260902,20261008,800000000428,33216014,40,0,1639,740,A,K,1,,F,25,34,10009.64,1,9814.9,1,194.74,1
20260825,20261008,800000000428,33216014,17,0,1659,739,A,K,1,,O,25,34,14717.48,1,14717.48,1,0.0,0
20260902,20261008,800000000429,89773948,39,0,1677,756,A,K,5,,F,25,17,89625.64,1,89625.64,1,0.0,0
20260825,20261008,800000000429,89773948,2,0,1676,792,C,,5,,F,25,17,83731.75,1,83731.75,1,0.0,0
20260902,20261006,800000000430,13732591,16,0,1623,760,A,K,5,,O,25,15,69917.44,1,69917.44,1,0.0,0
20260825,20261006,800000000430,13732591,6,0,1646,742,C,K,5,A,O,18,15,24089.71,1,24089.71,1,0.0,0
20260902,20261015,800000000431,54311862,55,0,1681,676,A,,2,,S,10,14,47805.33,1,47805.33,1,0.0,0
20260825,20261015,800000000431,54311862,48,0,1660,650,A,,5,,F,10,14,36837.95,1,36837.95,1,0.0,0
20260902,20261027,800000000432,43151625,57,0,1682,724,C,K,1,A,S,18,26,32840.46,1,32840.46,1,0.0,0
20260825,20261027,800000000432,43151625,2,0,1613,797,C,,2,,S,10,26,37378.22,1,37378.22,1,0.0,0
20260902,20261002,800000000433,64367319,15,0,1627,746,A,K,5,,O,2,28,28417.77,1,28417.77,1,0.0,0
20260825,20261002,800000000433,64367319,105,0,1692,811,B,K,1,A,O,25,28,52054.24,1,52054.24,1,0.0,0
20260902,20260923,800000000434,91266758,45,2,1658,454,D,K,5,B,S,10,17,100675.38,1,46356.5,1,54318.88,1
20260825,20260923,800000000434,91266758,51,2,1623,459,C,,1,B,O,25,17,76092.44,1,40945.09,1,35147.35,1
20260902,20261021,800000000435,49441620,42,0,1697,632,C,K,2,,O,18,32,117614.75,1,117614.75,1,0.0,0
20260825,20261021,800000000435,49441620,49,0,1625,563,C,,2,,S,10,32,63057.19,1,63057.19,1,0.0,0
20260902,20261009,800000000436,63140250,4,0,1651,632,C,K,1,,S,18,21,44853.16,1,44853.16,1,0.0,0
20260825,20261009,800000000436,63140250,18,0,1699,626,C,K,2,,S,25,21,33046.45,1,33046.45,1,0.0,0
20260902,20261012,800000000437,63871990,3,0,1626,806,A,,1,A,S,2,34,11424.38,1,11424.38,1,0.0,0
20260825,20261012,800000000437,63871990,48,0,1629,760,B,K,5,,F,25,34,32669.08,1,32669.08,1,0.0,0
20260902,20261027,800000000438,42149161,54,0,1683,657,A,K,2,,S,10,27,118486.2,1,118486.2,1,0.0,0
20260825,20261027,800000000438,42149161,71,0,1612,671,B,K,2,A,S,10,27,111806.58,1,111806.58,1,0.0,0
20260902,20261011,800000000439,46005989,39,0,1663,794,A,,2,,F,25,19,99868.0,1,99868.0,1,0.0,0
20260825,20261011,800000000439,46005989,65,0,1609,761,A,K,5,A,O,2,19,166591.03,1,166591.03,1,0.0,0
20260902,20261104,800000000440,33997481,16,1,1693,609,E,K,1,B,O,25,20,42896.66,1,29609.0,1,13287.66,1
20260825,20261104,800000000440,33997481,55,1,1699,491,D,K,1,C,O,2,20,76670.4,1,52764.2,1,23906.2,1
20260902,20260923,800000000441,71681591,53,0,1637,846,A,,1,,O,18,20,60165.48,1,60165.48,1,0.0,0
20260825,20260923,800000000441,71681591,70,0,1650,671,C,,2,,O,2,20,96183.58,1,96183.58,1,0.0,0
20260902,20261015,800000000442,39609418,84,0,1675,756,C,K,1,,S,18,22,88317.96,1,88317.96,1,0.0,0
20260825,20261015,800000000442,39609418,17,0,1690,838,A,,2,A,O,18,22,61861.85,1,61861.85,1,0.0,0
20260902,20261015,800000000443,51620323,6,0,1669,796,A,K,1,,S,18,34,33888.99,1,33888.99,1,0.0,0
20260825,20261015,800000000443,51620323,48,0,1647,837,C,,1,A,O,10,34,57078.7,1,57078.7,1,0.0,0
20260902,20261101,800000000444,44438867,69,0,1651,623,A,,2,A,O,10,25,56452.7,1,56452.7,1,0.0,0
20260825,20261101,800000000444,44438867,47,0,1619,689,C,,5,,S,2,25,72174.86,1,72174.86,1,0.0,0
20260902,20261023,800000000445,75991483,17,0,1635,718,C,K,5,A,F,2,11,3200.68,1,3200.68,1,0.0,0
20260825,20261023,800000000445,75991483,19,0,1651,766,B,,1,A,S,18,11,2068.2,1,2068.2,1,0.0,0
20260902,20261022,800000000446,35449774,26,2,1672,598,C,K,2,B,S,10,21,50382.85,1,28544.99,1,21837.86,1
20260825,20261022,800000000446,35449774,35,2,1685,595,D,K,2,A,F,10,21,50523.1,1,29433.37,1,21089.73,1
20260902,20261007,800000000447,70960265,21,0,1626,595,C,,1,,O,10,31,13451.77,1,13451.77,1,0.0,0
20260825,20261007,800000000447,70960265,2,0,1629,670,A,K,2,,O,10,31,22332.58,1,22332.58,1,0.0,0
20260902,20261113,800000000448,46130187,20,0,1663,776,A,K,2,A,O,10,15,6694.67,1,6694.67,1,0.0,0
20260825,20261113,800000000448,46130187,65,0,1697,739,C,K,1,A,F,10,15,7780.61,1,7718.07,1,62.54,1
20260902,20261013,800000000449,32898649,12,0,1699,737,A,,1,,O,25,35,131735.32,1,130655.25,1,1080.07,1
20260825,20261013,800000000449,32898649,22,0,1683,733,A,,2,,F,18,35,30269.84,1,30269.84,1,0.0,0
20260902,20261111,800000000450,55143517,13,0,1603,765,C,,2,,O,10,22,32092.66,1,32092.66,1,0.0,0
20260825,20261111,800000000450,55143517,1,0,1656,810,C,,2,A,O,18,22,13639.43,1,13639.43,1,0.0,0
20260902,20261031,800000000451,42248411,79,0,1673,618,C,K,5,,O,18,24,114804.45,1,114804.45,1,0.0,0
20260825,20261031,800000000451,42248411,81,0,1673,653,C,,1,,O,10,24,59831.04,1,59831.04,1,0.0,0
20260902,20261011,800000000452,72382819,81,0,1608,700,A,K,1,,F,10,32,47506.78,1,47506.78,1,0.0,0
20260825,20261011,800000000452,72382819,28,0,1653,683,B,,5,,S,25,32,31228.71,1,31228.71,1,0.0,0
20260902,20260929,800000000453,25037526,15,0,1629,681,C,,5,,S,10,17,8724.31,1,8724.31,1,0.0,0
20260825,20260929,800000000453,25037526,52,0,1617,701,C,,2,,F,2,17,11871.85,1,11871.85,1,0.0,0
20260902,20261017,800000000454,89168961,4,1,1640,513,D,,5,A,O,10,32,15935.65,1,10493.48,1,5442.17,1
20260825,20261017,800000000454,89168961,78,1,1675,526,C,,2,A,S,18,32,4404.21,1,2398.97,1,2005.24,1
20260902,20261014,800000000455,36561171,10,2,1650,431,C,,1,A,O,10,29,38884.42,1,23407.73,1,15476.69,1
20260825,20261014,800000000455,36561171,37,2,1690,427,E,K,5,C,F,2,29,34625.83,1,15765.4,1,18860.43,1
20260902,20261004,800000000456,74223965,43,0,1669,805,A,,5,A,O,2,33,41944.02,1,41944.02,1,0.0,0
20260825,20261004,800000000456,74223965,8,0,1624,814,C,,2,,F,2,33,34322.63,1,34322.63,1,0.0,0
20260902,20261024,800000000457,32151928,52,0,1645,595,B,K,1,,O,10,16,130381.05,1,130381.05,1,0.0,0
20260825,20261024,800000000457,32151928,88,0,1641,585,C,K,5,A,S,18,16,37397.5,1,37397.5,1,0.0,0
20260902,20261011,800000000458,35292050,52,0,1623,741,C,,5,A,S,18,23,32628.68,1,32628.68,1,0.0,0
20260825,20261011,800000000458,35292050,57,0,1697,797,B,,5,A,O,18,23,33269.49,1,33269.49,1,0.0,0
20260902,20261024,800000000459,40741099,4,0,1631,719,A,K,1,,S,25,34,26583.1,1,26583.1,1,0.0,0
20260825,20261024,800000000459,40741099,37,0,1649,747,B,K,1,,S,2,34,35443.76,1,35443.76,1,0.0,0
20260902,20261114,800000000460,69167835,1,2,1673,595,E,,2,A,S,18,18,47745.82,1,22762.71,1,24983.11,1
20260825,20261114,800000000460,69167835,6,2,1607,596,E,K,1,B,F,25,18,38216.81,1,18107.0,1,20109.81,1
20260902,20261025,800000000461,22780905,28,0,1650,744,C,,2,,S,2,34,94833.47,1,94833.47,1,0.0,0
20260825,20261025,800000000461,22780905,28,0,1634,773,C,K,1,A,S,10,34,116531.69,1,116531.69,1,0.0,0
20260902,20261008,800000000462,94738725,26,0,1621,701,A,K,5,,S,25,34,7672.62,1,7672.62,1,0.0,0
20260825,20261008,800000000462,94738725,22,0,1671,820,C,,5,,F,18,34,9233.16,1,9233.16,1,0.0,0
20260902,20261030,800000000463,80879810,74,0,1656,850,A,K,1,,S,2,33,40821.74,1,40471.25,1,350.49,1
20260825,20261030,800000000463,80879810,52,0,1662,829,C,K,2,,O,18,33,62336.82,1,62336.82,1,0.0,0
20260902,20261007,800000000464,18580762,14,0,1670,714,A,,2,,S,18,25,11533.77,1,11533.77,1,0.0,0
20260825,20261007,800000000464,18580762,14,0,1662,804,B,K,1,,F,10,25,12385.89,1,12385.89,1,0.0,0
20260902,20261109,800000000465,59010273,40,0,1609,610,A,,1,,O,2,14,63811.75,1,63811.75,1,0.0,0
20260825,20261109,800000000465,59010273,12,0,1685,690,B,,1,A,O,18,14,199273.19,1,198953.42,1,319.77,1
20260902,20261003,800000000466,44085998,2,0,1695,709,C,K,5,A,S,10,21,94453.06,1,94453.06,1,0.0,0
20260825,20261003,800000000466,44085998,20,0,1674,775,C,K,1,,O,18,21,91718.29,1,91718.29,1,0.0,0
20260902,20261016,800000000467,60617745,30,0,1682,792,C,K,2,,F,18,21,1455.33,1,1455.33,1,0.0,0
20260825,20261016,800000000467,60617745,45,0,1688,721,B,K,5,,S,18,21,3128.3,1,3128.3,1,0.0,0
20260902,20261015,800000000468,99516486,78,0,1630,809,B,K,1,,S,25,29,37038.28,1,37038.28,1,0.0,0
20260825,20261015,800000000468,99516486,56,0,1690,826,B,,5,A,S,10,29,14872.59,1,14833.81,1,38.78,1
20260902,20261007,800000000469,55359403,36,0,1638,557,B,,5,,S,25,15,57776.42,1,57776.42,1,0.0,0
20260825,20261007,800000000469,55359403,60,0,1687,567,A,K,1,A,O,18,15,47844.29,1,47844.29,1,0.0,0
20260902,20261012,800000000470,17163510,44,0,1656,811,C,,1,A,S,18,12,29914.95,1,29914.95,1,0.0,0
20260825,20261012,800000000470,17163510,78,0,1606,841,A,,1,,S,10,12,40892.84,1,40892.84,1,0.0,0
20260902,20261001,800000000471,48457191,57,0,1668,781,C,,2,A,F,25,17,119721.06,1,119721.06,1,0.0,0
20260825,20261001,800000000471,48457191,21,0,1608,776,C,K,5,A,O,2,17,92475.95,1,92475.95,1,0.0,0
20260902,20261014,800000000472,29054771,74,0,1604,803,A,,1,,S,25,12,47150.83,1,47150.83,1,0.0,0
20260825,20261014,800000000472,29054771,1,0,1693,772,A,,2,,O,2,12,21504.24,1,21504.24,1,0.0,0
20260902,20261029,800000000473,56045852,30,0,1624,818,A,K,2,A,F,10,26,15027.57,1,14552.72,1,474.85,1
20260825,20261029,800000000473,56045852,13,0,1683,836,C,K,5,,F,25,26,18891.64,1,18891.64,1,0.0,0
20260902,20261021,800000000474,11943924,79,0,1659,758,B,K,5,,F,25,11,83739.82,1,83739.82,1,0.0,0
20260825,20261021,800000000474,11943924,28,0,1643,718,B,,1,,S,18,11,30718.01,1,30718.01,1,0.0,0
20260902,20261021,800000000475,88406989,20,0,1644,796,B,K,5,,S,18,31,38941.08,1,38941.08,1,0.0,0
20260825,20261021,800000000475,88406989,30,0,1692,771,A,,1,,S,18,31,12619.21,1,12619.21,1,0.0,0
20260902,20261028,800000000476,91862211,71,0,1686,829,B,K,5,A,O,2,21,121994.68,1,121994.68,1,0.0,0
20260825,20261028,800000000476,91862211,83,0,1624,699,C,K,5,,S,18,21,114186.43,1,114186.43,1,0.0,0
20260902,20261031,800000000477,53973256,31,0,1684,612,C,,5,,S,25,26,4904.61,1,4904.61,1,0.0,0
20260825,20261031,800000000477,53973256,35,0,1600,563,A,K,2,A,S,25,26,3303.45,1,3303.45,1,0.0,0
20260902,20261102,800000000478,17097304,32,0,1642,690,B,,1,A,F,18,15,46898.8,1,46898.8,1,0.0,0
20260825,20261102,800000000478,17097304,18,0,1679,742,A,,5,A,S,2,15,26627.98,1,26627.98,1,0.0,0
20260902,20261014,800000000479,54956755,54,0,1620,811,B,K,2,A,S,10,33,56880.49,1,56880.49,1,0.0,0
20260825,20261014,800000000479,54956755,96,0,1682,769,A,K,5,A,S,18,33,23448.36,1,23448.36,1,0.0,0
20260902,20261011,800000000480,69849800,50,0,1602,773,C,K,2,A,O,25,21,22130.81,1,22130.81,1,0.0,0
20260825,20261011,800000000480,69849800,100,0,1608,751,C,K,5,,S,2,21,38476.7,1,38476.7,1,0.0,0
20260902,20261025,800000000481,38844646,26,0,1623,846,C,,1,,S,2,25,41454.35,1,41454.35,1,0.0,0
20260825,20261025,800000000481,38844646,10,0,1660,752,B,,5,A,F,18,25,73529.03,1,73529.03,1,0.0,0
20260902,20261028,800000000482,91265426,33,0,1603,843,C,,5,A,F,25,13,43956.04,1,43956.04,1,0.0,0
20260825,20261028,800000000482,91265426,6,0,1638,806,B,,1,,O,10,13,100494.71,1,100494.71,1,0.0,0
20260902,20261002,800000000483,75220319,33,0,1646,782,C,K,5,,O,25,20,32810.01,1,32810.01,1,0.0,0
20260825,20261002,800000000483,75220319,29,0,1662,808,C,K,5,,F,10,20,30053.91,1,30053.91,1,0.0,0
20260902,20261025,800000000484,17356680,69,0,1618,754,A,K,5,A,O,2,31,81393.81,1,81393.81,1,0.0,0
20260825,20261025,800000000484,17356680,69,0,1659,784,A,,2,,F,18,31,90969.54,1,90969.54,1,0.0,0
20260902,20261024,800000000485,98053635,4,2,1664,413,D,K,5,C,S,18,34,65024.36,1,31386.26,1,33638.1,1
20260825,20261024,800000000485,98053635,96,2,1659,469,E,K,2,A,F,10,34,69984.83,1,40268.71,1,29716.12,1
20260902,20260921,800000000486,94695784,48,0,1611,648,A,,2,A,F,2,26,25473.48,1,25473.48,1,0.0,0
20260825,20260921,800000000486,94695784,34,0,1685,621,C,,5,,S,2,26,43699.98,1,43699.98,1,0.0,0
20260902,20261015,800000000487,59033221,27,0,1697,697,A,,5,A,F,10,13,97372.36,1,97372.36,1,0.0,0
20260825,20261015,800000000487,59033221,24,0,1691,714,A,,1,,O,2,13,57074.52,1,57074.52,1,0.0,0
20260902,20261029,800000000488,63650558,37,0,1621,729,A,,2,A,S,10,22,16867.26,1,16867.26,1,0.0,0
20260825,20261029,800000000488,63650558,23,0,1683,810,B,K,2,A,F,10,22,26788.92,1,26788.92,1,0.0,0
20260902,20261020,800000000489,60502167,30,0,1676,807,A,K,2,,O,25,25,14545.92,1,14545.92,1,0.0,0
20260825,20261020,800000000489,60502167,33,0,1688,787,C,K,5,,S,2,25,14093.31,1,13652.97,1,440.34,1
20260902,20261022,800000000490,91630214,9,0,1666,827,A,K,1,,O,2,13,66769.11,1,66769.11,1,0.0,0
20260825,20261022,800000000490,91630214,25,0,1695,738,A,,1,,O,2,13,60603.05,1,58490.39,1,2112.66,1
20260902,20261024,800000000491,57473757,19,0,1696,776,A,K,5,A,F,18,30,37484.21,1,37484.21,1,0.0,0
20260825,20261024,800000000491,57473757,24,0,1675,739,A,K,5,,S,2,30,66474.77,1,66474.77,1,0.0,0
20260902,20261023,800000000492,69925222,11,0,1685,825,B,K,1,,S,10,35,93806.31,1,93806.31,1,0.0,0
20260825,20261023,800000000492,69925222,30,0,1668,796,B,K,1,A,F,2,35,123381.21,1,123381.21,1,0.0,0
20260902,20261113,800000000493,81478283,9,0,1637,642,C,K,5,,S,25,11,121777.53,1,121761.97,1,15.56,1
20260825,20261113,800000000493,81478283,19,0,1667,622,A,K,5,,F,10,11,32615.63,1,32615.63,1,0.0,0
20260902,20261017,800000000494,45338695,44,0,1622,665,C,K,5,,F,25,14,44527.2,1,44527.2,1,0.0,0
20260825,20261017,800000000494,45338695,5,0,1604,693,B,K,1,,O,25,14,40966.14,1,40966.14,1,0.0,0
20260902,20261028,800000000495,82233729,9,2,1616,442,C,K,5,A,S,25,11,86831.88,1,52934.24,1,33897.64,1
20260825,20261028,800000000495,82233729,15,2,1698,461,D,K,1,A,F,10,11,49109.65,1,23439.47,1,25670.18,1
20260902,20261020,800000000496,96527720,69,0,1646,779,C,,2,A,O,10,27,8900.98,1,8900.98,1,0.0,0
20260825,20261020,800000000496,96527720,80,0,1697,802,B,,5,,S,2,27,16055.69,1,16055.69,1,0.0,0
20260902,20261011,800000000497,76154241,44,0,1616,613,B,K,1,,F,10,21,81031.24,1,81031.24,1,0.0,0
20260825,20261011,800000000497,76154241,17,0,1603,584,C,K,1,,S,25,21,75243.82,1,72096.59,1,3147.23,1
20260902,20261102,800000000498,28208190,35,0,1655,809,B,,5,,F,25,15,43243.67,1,43243.67,1,0.0,0
20260825,20261102,800000000498,28208190,32,0,1682,814,A,K,5,A,S,25,15,40236.29,1,40236.29,1,0.0,0
20260902,20261013,800000000499,38016976,8,0,1694,795,B,,5,,F,25,10,34691.6,1,34691.6,1,0.0,0
20260825,20261013,800000000499,38016976,63,0,1686,822,B,K,5,A,S,10,10,14125.48,1,14125.48,1,0.0,0
