TX_DT,CIF_No,TransactionCountry,TransactionCountryHigherLevel,PriviledgeMerchantsGrp,LDESC,Sales_Type,Amount,TransCount
20260822,97588190,RINGGIT MALAYSIA,LOCAL,NOT ON US,MYDIN MOHAMED HOLDINGS,CP,5918.03,1
20260822,97588190,RINGGIT MALAYSIA,LOCAL,ON US - NON PRV-MRCHT,GRABPAY TOP UP,CP,2755.22,1
20260806,97588190,RINGGIT MALAYSIA,LOCAL,ON US - NON PRV-MRCHT,TESCO STORES (M),CP,6277.63,1
20260830,97588190,RINGGIT MALAYSIA,LOCAL,ON US,SHOPEE PAY,CP,2481.79,1
20260826,97588190,RINGGIT MALAYSIA,LOCAL,NOT ON US,MYDIN MOHAMED HOLDINGS,CP,374.63,1
20260829,97588190,RINGGIT MALAYSIA,LOCAL,ON US,SHELL MALAYSIA,CA,6857.36,1
20260831,97588190,RINGGIT MALAYSIA,OVERSEA,NOT ON US,GRABPAY TOP UP,CA,4435.54,1
20260813,97588190,RINGGIT MALAYSIA,OVERSEA,ON US - NON PRV-MRCHT,PARKSON GRAND-PAVILION,CP,3411.3,1
20260804,97588190,RINGGIT MALAYSIA,OVERSEA,ON US - NON PRV-MRCHT,WATSONS PERSONAL CARE,CP,3619.66,1
20260828,97588190,RINGGIT MALAYSIA,OVERSEA,ON US,WATSONS PERSONAL CARE,CP,4799.45,1
20260818,97588190,RINGGIT MALAYSIA,LOCAL,ON US - NON PRV-MRCHT,AEON BIG (M) SDN BHD-KEPONG,CP,4250.87,1
20260806,97588190,RINGGIT MALAYSIA,OVERSEA,ON US,AEON CO (M) BHD-MID VALLEY,CA,678.3,1
20260821,97588190,RINGGIT MALAYSIA,OVERSEA,ON US - NON PRV-MRCHT,ZALORA MALAYSIA,CA,2254.13,1
20260808,97588190,RINGGIT MALAYSIA,LOCAL,NOT ON US,SHOPEE PAY,CP,5608.09,1
20260829,97588190,RINGGIT MALAYSIA,OVERSEA,NOT ON US,GIANT HYPERMARKET-SHAH ALAM,CP,3719.83,1
20260901,97588190,RINGGIT MALAYSIA,OVERSEA,ON US - NON PRV-MRCHT,GIANT HYPERMARKET-SHAH ALAM,CP,2024.03,1
20260808,85853367,RINGGIT MALAYSIA,LOCAL,ON US,PETRONAS DAGANGAN,CP,495.51,1
20260520,85853367,RINGGIT MALAYSIA,LOCAL,ON US,KFC HOLDINGS,CP,3220.83,1
20260824,85853367,RINGGIT MALAYSIA,LOCAL,ON US,TESCO STORES (M),CP,2149.21,1
20260614,85853367,RINGGIT MALAYSIA,LOCAL,ON US,GIANT HYPERMARKET-SHAH ALAM,CA,2520.03,1
20260505,85853367,RINGGIT MALAYSIA,LOCAL,ON US - NON PRV-MRCHT,LOTUS'S STORES-CHERAS,CP,414.14,1
20260827,85853367,RINGGIT MALAYSIA,OVERSEA,NOT ON US,ECONSAVE-JOHOR,CP,3961.4,1
20260708,85853367,RINGGIT MALAYSIA,LOCAL,ON US - NON PRV-MRCHT,LAZADA MALAYSIA,CP,2659.98,1
20260815,85853367,RINGGIT MALAYSIA,LOCAL,ON US,PETRONAS DAGANGAN,CP,873.74,1
20260606,85853367,RINGGIT MALAYSIA,LOCAL,ON US,MR DIY-SUNWAY PYRAMID,CP,3051.65,1
20260811,85853367,RINGGIT MALAYSIA,LOCAL,ON US - NON PRV-MRCHT,TESCO STORES (M),CP,1253.0,1
20260902,85853367,RINGGIT MALAYSIA,LOCAL,ON US,WATSONS PERSONAL CARE,CP,3168.0,1
20260806,10007812,RINGGIT MALAYSIA,OVERSEA,ON US,TESCO STORES (M),CP,218.4,1
20260828,10007812,RINGGIT MALAYSIA,LOCAL,NOT ON US,SENHENG ELECTRIC,CP,1584.37,1
20260823,10007812,RINGGIT MALAYSIA,LOCAL,ON US,GUARDIAN HEALTH-KLCC,CP,2542.59,1
20260812,10007812,RINGGIT MALAYSIA,LOCAL,NOT ON US,MCDONALD'S MALAYSIA,CA,4513.56,1
20260810,10007812,RINGGIT MALAYSIA,LOCAL,ON US,TESCO STORES (M),CP,4326.65,1
20260825,10007812,RINGGIT MALAYSIA,OVERSEA,ON US - NON PRV-MRCHT,AEON CO (M) BHD-MID VALLEY,CP,3534.54,1
20260817,10007812,RINGGIT MALAYSIA,LOCAL,ON US,KFC HOLDINGS,CP,714.72,1
20260809,10007812,RINGGIT MALAYSIA,LOCAL,ON US - NON PRV-MRCHT,MYDIN MOHAMED HOLDINGS,CP,3373.47,1
20260826,49123810,RINGGIT MALAYSIA,LOCAL,ON US - NON PRV-MRCHT,GIANT HYPERMARKET-SHAH ALAM,CP,340.38,1
20260813,49123810,RINGGIT MALAYSIA,LOCAL,ON US,LAZADA MALAYSIA,CP,1278.36,1
20260615,49123810,RINGGIT MALAYSIA,LOCAL,NOT ON US,AEON BIG (M) SDN BHD-KEPONG,CP,4177.52,1
20260807,49123810,RINGGIT MALAYSIA,OVERSEA,ON US,ECONSAVE-JOHOR,CP,7806.97,1
20260803,49123810,RINGGIT MALAYSIA,LOCAL,ON US - NON PRV-MRCHT,HARVEY NORMAN-IOI CITY,CP,3428.59,1
20260902,49123810,RINGGIT MALAYSIA,OVERSEA,ON US - NON PRV-MRCHT,GRABPAY TOP UP,CA,6901.02,1
20260831,49123810,RINGGIT MALAYSIA,LOCAL,NOT ON US,ZALORA MALAYSIA,CA,1989.11,1
20260616,49123810,RINGGIT MALAYSIA,LOCAL,ON US - NON PRV-MRCHT,PARKSON GRAND-PAVILION,CP,4693.85,1
20260805,49123810,RINGGIT MALAYSIA,LOCAL,ON US,WATSONS PERSONAL CARE,CP,1479.25,1
20260704,49123810,RINGGIT MALAYSIA,LOCAL,ON US,GRABPAY TOP UP,CP,7243.56,1
20260813,49123810,RINGGIT MALAYSIA,OVERSEA,ON US - NON PRV-MRCHT,MYDIN MOHAMED HOLDINGS,CP,1671.36,1
20260618,49123810,RINGGIT MALAYSIA,LOCAL,NOT ON US,SHOPEE PAY,CA,6681.63,1
20260608,49123810,RINGGIT MALAYSIA,OVERSEA,ON US,PETRONAS DAGANGAN,CP,6213.92,1
20260806,49123810,RINGGIT MALAYSIA,LOCAL,NOT ON US,COURTS MAMMOTH,CP,386.5,1
20260826,49123810,RINGGIT MALAYSIA,OVERSEA,ON US - NON PRV-MRCHT,MR DIY-SUNWAY PYRAMID,CP,6083.49,1
20260628,49123810,RINGGIT MALAYSIA,LOCAL,ON US,MCDONALD'S MALAYSIA,CP,193.26,1
20260901,49123810,RINGGIT MALAYSIA,LOCAL,ON US - NON PRV-MRCHT,SHELL MALAYSIA,CP,1710.53,1
20260115,45830413,RINGGIT MALAYSIA,LOCAL,ON US - NON PRV-MRCHT,SHELL MALAYSIA,CP,2972.7,1
20260413,45830413,RINGGIT MALAYSIA,LOCAL,ON US,GIANT HYPERMARKET-SHAH ALAM,CP,6845.94,1
20260315,45830413,RINGGIT MALAYSIA,LOCAL,ON US,ECONSAVE-JOHOR,CP,266.76,1
20251004,45830413,RINGGIT MALAYSIA,OVERSEA,ON US - NON PRV-MRCHT,MR DIY-SUNWAY PYRAMID,CP,3416.86,1
20260830,90323465,RINGGIT MALAYSIA,LOCAL,ON US - NON PRV-MRCHT,GRABPAY TOP UP,CA,79.47,1
20260821,90323465,RINGGIT MALAYSIA,LOCAL,NOT ON US,GUARDIAN HEALTH-KLCC,CA,475.51,1
20260802,90323465,RINGGIT MALAYSIA,LOCAL,ON US - NON PRV-MRCHT,SENHENG ELECTRIC,CP,1688.92,1
20260709,90323465,RINGGIT MALAYSIA,LOCAL,NOT ON US,SHOPEE PAY,CP,5452.74,1
20260511,90323465,RINGGIT MALAYSIA,LOCAL,ON US,PETRONAS DAGANGAN,CA,1555.12,1
20260711,90323465,RINGGIT MALAYSIA,OVERSEA,ON US,HARVEY NORMAN-IOI CITY,CA,2957.98,1
20260816,45349744,RINGGIT MALAYSIA,LOCAL,ON US - NON PRV-MRCHT,MYDIN MOHAMED HOLDINGS,CP,3635.12,1
20260807,45349744,RINGGIT MALAYSIA,LOCAL,ON US,GUARDIAN HEALTH-KLCC,CP,1791.69,1
20260807,45349744,RINGGIT MALAYSIA,OVERSEA,NOT ON US,GUARDIAN HEALTH-KLCC,CA,5477.8,1
20260810,45349744,RINGGIT MALAYSIA,LOCAL,ON US,MYDIN MOHAMED HOLDINGS,CA,3487.43,1
20260818,45349744,RINGGIT MALAYSIA,OVERSEA,ON US,GUARDIAN HEALTH-KLCC,CP,2331.73,1
20260803,45349744,RINGGIT MALAYSIA,LOCAL,NOT ON US,AEON CO (M) BHD-MID VALLEY,CP,2553.63,1
20260831,59287710,RINGGIT MALAYSIA,LOCAL,ON US,GRABPAY TOP UP,CA,2253.96,1
20260828,59287710,RINGGIT MALAYSIA,LOCAL,NOT ON US,MYDIN MOHAMED HOLDINGS,CA,392.8,1
20260808,59287710,RINGGIT MALAYSIA,LOCAL,NOT ON US,MYDIN MOHAMED HOLDINGS,CP,4121.5,1
20260806,59287710,RINGGIT MALAYSIA,LOCAL,ON US - NON PRV-MRCHT,HARVEY NORMAN-IOI CITY,CP,5955.75,1
20260807,59287710,RINGGIT MALAYSIA,OVERSEA,NOT ON US,LAZADA MALAYSIA,CP,439.11,1
20260709,59287710,RINGGIT MALAYSIA,LOCAL,NOT ON US,LOTUS'S STORES-CHERAS,CP,3929.2,1
20260820,59287710,RINGGIT MALAYSIA,LOCAL,ON US - NON PRV-MRCHT,SHOPEE PAY,CP,4727.69,1
20260811,59287710,RINGGIT MALAYSIA,OVERSEA,ON US - NON PRV-MRCHT,GUARDIAN HEALTH-KLCC,CP,1943.85,1
20260811,59287710,RINGGIT MALAYSIA,OVERSEA,ON US,SHELL MALAYSIA,CA,1733.53,1
20260824,59287710,RINGGIT MALAYSIA,LOCAL,ON US,PARKSON GRAND-PAVILION,CA,3954.58,1
20260723,25075778,RINGGIT MALAYSIA,OVERSEA,ON US,KFC HOLDINGS,CP,2089.44,1
20251116,25075778,RINGGIT MALAYSIA,OVERSEA,NOT ON US,PETRONAS DAGANGAN,CP,859.66,1
20250917,25075778,RINGGIT MALAYSIA,LOCAL,ON US,COURTS MAMMOTH,CA,896.22,1
20260708,25075778,RINGGIT MALAYSIA,LOCAL,ON US,LOTUS'S STORES-CHERAS,CP,2111.54,1
20260409,25075778,RINGGIT MALAYSIA,LOCAL,ON US - NON PRV-MRCHT,TESCO STORES (M),CA,972.11,1
20260812,53609415,RINGGIT MALAYSIA,OVERSEA,NOT ON US,SHELL MALAYSIA,CP,3050.77,1
20260609,53609415,RINGGIT MALAYSIA,LOCAL,ON US - NON PRV-MRCHT,SHOPEE PAY,CA,3268.35,1
20260502,53609415,RINGGIT MALAYSIA,LOCAL,ON US,GUARDIAN HEALTH-KLCC,CP,5117.72,1
20260529,53609415,RINGGIT MALAYSIA,LOCAL,NOT ON US,SHOPEE PAY,CP,1320.94,1
20251106,53609415,RINGGIT MALAYSIA,LOCAL,ON US,COURTS MAMMOTH,CP,67.63,1
20260704,53609415,RINGGIT MALAYSIA,OVERSEA,NOT ON US,TESCO STORES (M),CP,6009.11,1
20260113,53609415,RINGGIT MALAYSIA,LOCAL,ON US - NON PRV-MRCHT,GUARDIAN HEALTH-KLCC,CA,1578.61,1
20260711,53609415,RINGGIT MALAYSIA,LOCAL,NOT ON US,MYDIN MOHAMED HOLDINGS,CP,494.47,1
20251119,53609415,RINGGIT MALAYSIA,LOCAL,ON US - NON PRV-MRCHT,PETRONAS DAGANGAN,CP,3632.3,1
20251019,53609415,RINGGIT MALAYSIA,LOCAL,ON US,GRABPAY TOP UP,CA,1828.57,1
20260804,53609415,RINGGIT MALAYSIA,LOCAL,ON US,KFC HOLDINGS,CP,4182.46,1
20251207,53609415,RINGGIT MALAYSIA,LOCAL,ON US - NON PRV-MRCHT,WATSONS PERSONAL CARE,CA,121.11,1
20260319,53609415,RINGGIT MALAYSIA,OVERSEA,ON US - NON PRV-MRCHT,PETRONAS DAGANGAN,CP,4017.35,1
20260820,84226773,RINGGIT MALAYSIA,LOCAL,ON US - NON PRV-MRCHT,TESCO STORES (M),CP,5752.17,1
20260817,84226773,RINGGIT MALAYSIA,LOCAL,NOT ON US,KFC HOLDINGS,CA,1859.52,1
20260409,84226773,RINGGIT MALAYSIA,LOCAL,ON US - NON PRV-MRCHT,MYDIN MOHAMED HOLDINGS,CP,4263.51,1
20260807,84226773,RINGGIT MALAYSIA,LOCAL,NOT ON US,GIANT HYPERMARKET-SHAH ALAM,CP,7097.86,1
20260408,84226773,RINGGIT MALAYSIA,LOCAL,NOT ON US,GUARDIAN HEALTH-KLCC,CP,1399.55,1
20260324,84226773,RINGGIT MALAYSIA,OVERSEA,ON US,LOTUS'S STORES-CHERAS,CP,729.11,1
20260718,84226773,RINGGIT MALAYSIA,LOCAL,ON US,TESCO STORES (M),CA,6870.37,1
20260829,84226773,RINGGIT MALAYSIA,OVERSEA,ON US,TESCO STORES (M),CP,878.8,1
20260313,84226773,RINGGIT MALAYSIA,LOCAL,ON US - NON PRV-MRCHT,AEON CO (M) BHD-MID VALLEY,CA,654.09,1
20260806,84226773,RINGGIT MALAYSIA,LOCAL,ON US,SHELL MALAYSIA,CP,4196.75,1
20260308,84226773,RINGGIT MALAYSIA,LOCAL,NOT ON US,SENHENG ELECTRIC,CA,3966.8,1
20260307,84226773,RINGGIT MALAYSIA,OVERSEA,NOT ON US,SENHENG ELECTRIC,CA,1158.79,1
20260622,84226773,RINGGIT MALAYSIA,LOCAL,ON US - NON PRV-MRCHT,SENHENG ELECTRIC,CP,2919.83,1
20260817,84226773,RINGGIT MALAYSIA,LOCAL,ON US - NON PRV-MRCHT,PETRONAS DAGANGAN,CP,1276.79,1
20260512,84226773,RINGGIT MALAYSIA,LOCAL,ON US - NON PRV-MRCHT,KFC HOLDINGS,CP,6384.7,1
20260222,84226773,RINGGIT MALAYSIA,LOCAL,ON US - NON PRV-MRCHT,AEON BIG (M) SDN BHD-KEPONG,CP,3153.44,1
20260518,84226773,RINGGIT MALAYSIA,LOCAL,NOT ON US,PARKSON GRAND-PAVILION,CP,5017.32,1
20260803,56089546,RINGGIT MALAYSIA,LOCAL,ON US - NON PRV-MRCHT,KFC HOLDINGS,CP,1272.55,1
20260807,56089546,RINGGIT MALAYSIA,OVERSEA,NOT ON US,PETRONAS DAGANGAN,CP,1090.68,1
20260825,56089546,RINGGIT MALAYSIA,LOCAL,ON US - NON PRV-MRCHT,MYDIN MOHAMED HOLDINGS,CP,1516.57,1
20260826,56089546,RINGGIT MALAYSIA,LOCAL,ON US - NON PRV-MRCHT,LOTUS'S STORES-CHERAS,CP,2128.77,1
20260418,56089546,RINGGIT MALAYSIA,LOCAL,ON US - NON PRV-MRCHT,LOTUS'S STORES-CHERAS,CP,509.56,1
20260429,56089546,RINGGIT MALAYSIA,LOCAL,NOT ON US,SENHENG ELECTRIC,CA,4938.05,1
20260422,56089546,RINGGIT MALAYSIA,OVERSEA,ON US,HARVEY NORMAN-IOI CITY,CA,3168.93,1
20260820,56089546,RINGGIT MALAYSIA,OVERSEA,ON US - NON PRV-MRCHT,KFC HOLDINGS,CP,972.36,1
20260713,10558017,RINGGIT MALAYSIA,OVERSEA,ON US,GIANT HYPERMARKET-SHAH ALAM,CP,1256.6,1
20260207,10558017,RINGGIT MALAYSIA,LOCAL,ON US - NON PRV-MRCHT,ECONSAVE-JOHOR,CP,2491.42,1
20251230,10558017,RINGGIT MALAYSIA,OVERSEA,NOT ON US,KFC HOLDINGS,CP,3303.94,1
20260831,10558017,RINGGIT MALAYSIA,LOCAL,ON US - NON PRV-MRCHT,PETRONAS DAGANGAN,CP,1863.55,1
20260902,41975856,RINGGIT MALAYSIA,OVERSEA,ON US,MR DIY-SUNWAY PYRAMID,CP,5859.09,1
20260806,41975856,RINGGIT MALAYSIA,LOCAL,ON US,GRABPAY TOP UP,CP,4752.43,1
20260822,41975856,RINGGIT MALAYSIA,LOCAL,NOT ON US,WATSONS PERSONAL CARE,CP,5273.43,1
20260630,41975856,RINGGIT MALAYSIA,LOCAL,ON US - NON PRV-MRCHT,ECONSAVE-JOHOR,CP,1268.45,1
20260817,41975856,RINGGIT MALAYSIA,LOCAL,ON US - NON PRV-MRCHT,HARVEY NORMAN-IOI CITY,CP,2526.56,1
20260818,41975856,RINGGIT MALAYSIA,LOCAL,ON US - NON PRV-MRCHT,MCDONALD'S MALAYSIA,CP,147.67,1
20260810,41975856,RINGGIT MALAYSIA,LOCAL,ON US,SENHENG ELECTRIC,CA,5791.95,1
20260810,41975856,RINGGIT MALAYSIA,LOCAL,NOT ON US,HARVEY NORMAN-IOI CITY,CP,5089.59,1
20260822,41975856,RINGGIT MALAYSIA,OVERSEA,ON US,SHELL MALAYSIA,CP,4326.12,1
20260830,41975856,RINGGIT MALAYSIA,LOCAL,ON US,PETRONAS DAGANGAN,CP,357.12,1
20260803,79358085,RINGGIT MALAYSIA,LOCAL,NOT ON US,ECONSAVE-JOHOR,CP,6049.76,1
20260901,79358085,RINGGIT MALAYSIA,OVERSEA,ON US,HARVEY NORMAN-IOI CITY,CP,1032.16,1
20260309,25084086,RINGGIT MALAYSIA,LOCAL,NOT ON US,ZALORA MALAYSIA,CP,1443.61,1
20260803,25084086,RINGGIT MALAYSIA,LOCAL,ON US - NON PRV-MRCHT,LAZADA MALAYSIA,CA,5210.91,1
20260828,25084086,RINGGIT MALAYSIA,LOCAL,ON US - NON PRV-MRCHT,PETRONAS DAGANGAN,CP,5108.31,1
20260831,25084086,RINGGIT MALAYSIA,LOCAL,NOT ON US,WATSONS PERSONAL CARE,CA,191.42,1
20260826,25084086,RINGGIT MALAYSIA,LOCAL,NOT ON US,MR DIY-SUNWAY PYRAMID,CP,117.6,1
20260805,54244154,RINGGIT MALAYSIA,OVERSEA,ON US,LAZADA MALAYSIA,CP,1028.49,1
20260119,54244154,RINGGIT MALAYSIA,LOCAL,ON US - NON PRV-MRCHT,LOTUS'S STORES-CHERAS,CP,562.88,1
20260816,86518436,RINGGIT MALAYSIA,LOCAL,ON US,COURTS MAMMOTH,CA,4454.85,1
20260827,86518436,RINGGIT MALAYSIA,LOCAL,ON US - NON PRV-MRCHT,MYDIN MOHAMED HOLDINGS,CP,2106.26,1
20260827,86518436,RINGGIT MALAYSIA,LOCAL,ON US - NON PRV-MRCHT,GUARDIAN HEALTH-KLCC,CP,2599.57,1
20260826,86518436,RINGGIT MALAYSIA,LOCAL,NOT ON US,MCDONALD'S MALAYSIA,CA,2508.84,1
20260817,86518436,RINGGIT MALAYSIA,LOCAL,NOT ON US,LOTUS'S STORES-CHERAS,CP,350.02,1
20260901,86518436,RINGGIT MALAYSIA,OVERSEA,NOT ON US,TESCO STORES (M),CP,3850.96,1
20260808,86518436,RINGGIT MALAYSIA,LOCAL,ON US - NON PRV-MRCHT,MYDIN MOHAMED HOLDINGS,CP,1449.87,1
20260824,86518436,RINGGIT MALAYSIA,LOCAL,ON US - NON PRV-MRCHT,GUARDIAN HEALTH-KLCC,CP,2557.7,1
20260820,72887387,RINGGIT MALAYSIA,OVERSEA,NOT ON US,MYDIN MOHAMED HOLDINGS,CP,5664.16,1
20260815,72887387,RINGGIT MALAYSIA,LOCAL,NOT ON US,MR DIY-SUNWAY PYRAMID,CP,649.18,1
20260809,72887387,RINGGIT MALAYSIA,LOCAL,NOT ON US,HARVEY NORMAN-IOI CITY,CP,1740.34,1
20260601,72887387,RINGGIT MALAYSIA,LOCAL,ON US,PETRONAS DAGANGAN,CP,3773.01,1
20260817,72887387,RINGGIT MALAYSIA,LOCAL,ON US - NON PRV-MRCHT,PARKSON GRAND-PAVILION,CA,769.57,1
20260624,72887387,RINGGIT MALAYSIA,LOCAL,ON US,GIANT HYPERMARKET-SHAH ALAM,CP,1470.56,1
20260731,72887387,RINGGIT MALAYSIA,OVERSEA,ON US - NON PRV-MRCHT,COURTS MAMMOTH,CP,3329.23,1
20260821,72887387,RINGGIT MALAYSIA,LOCAL,ON US,ECONSAVE-JOHOR,CP,3611.81,1
20260527,72887387,RINGGIT MALAYSIA,LOCAL,ON US,PARKSON GRAND-PAVILION,CP,5062.19,1
20260811,72887387,RINGGIT MALAYSIA,LOCAL,ON US,PARKSON GRAND-PAVILION,CP,5474.36,1
20260528,72887387,RINGGIT MALAYSIA,LOCAL,NOT ON US,GUARDIAN HEALTH-KLCC,CP,5274.76,1
20260831,72887387,RINGGIT MALAYSIA,LOCAL,NOT ON US,GIANT HYPERMARKET-SHAH ALAM,CA,1903.12,1
20260523,37308590,RINGGIT MALAYSIA,LOCAL,NOT ON US,ZALORA MALAYSIA,CA,299.79,1
20260813,37308590,RINGGIT MALAYSIA,LOCAL,ON US - NON PRV-MRCHT,PARKSON GRAND-PAVILION,CP,505.01,1
20260817,37308590,RINGGIT MALAYSIA,LOCAL,ON US,MR DIY-SUNWAY PYRAMID,CA,2920.92,1
20260227,37308590,RINGGIT MALAYSIA,LOCAL,ON US - NON PRV-MRCHT,AEON CO (M) BHD-MID VALLEY,CA,3644.44,1
20260809,37308590,RINGGIT MALAYSIA,LOCAL,ON US - NON PRV-MRCHT,PETRONAS DAGANGAN,CA,1125.47,1
20260514,37308590,RINGGIT MALAYSIA,LOCAL,ON US - NON PRV-MRCHT,MR DIY-SUNWAY PYRAMID,CP,3039.67,1
20260809,37308590,RINGGIT MALAYSIA,OVERSEA,NOT ON US,LAZADA MALAYSIA,CP,137.84,1
20260713,37308590,RINGGIT MALAYSIA,LOCAL,ON US,GUARDIAN HEALTH-KLCC,CP,236.62,1
20251218,37308590,RINGGIT MALAYSIA,OVERSEA,ON US - NON PRV-MRCHT,GIANT HYPERMARKET-SHAH ALAM,CP,2121.66,1
20260501,37308590,RINGGIT MALAYSIA,LOCAL,ON US - NON PRV-MRCHT,KFC HOLDINGS,CP,3111.17,1
20260814,24305357,RINGGIT MALAYSIA,OVERSEA,NOT ON US,AEON CO (M) BHD-MID VALLEY,CP,5648.02,1
20260624,24305357,RINGGIT MALAYSIA,OVERSEA,ON US,SHELL MALAYSIA,CP,631.1,1
20260728,87290137,RINGGIT MALAYSIA,LOCAL,ON US - NON PRV-MRCHT,TESCO STORES (M),CP,4160.49,1
20260528,87290137,RINGGIT MALAYSIA,LOCAL,ON US - NON PRV-MRCHT,COURTS MAMMOTH,CA,1869.72,1
20260901,96272547,RINGGIT MALAYSIA,LOCAL,ON US,SHOPEE PAY,CP,3673.03,1
20260812,96272547,RINGGIT MALAYSIA,LOCAL,ON US,SENHENG ELECTRIC,CP,386.72,1
20260818,96272547,RINGGIT MALAYSIA,LOCAL,ON US - NON PRV-MRCHT,SENHENG ELECTRIC,CP,3208.9,1
20260809,96272547,RINGGIT MALAYSIA,LOCAL,ON US - NON PRV-MRCHT,WATSONS PERSONAL CARE,CP,5436.97,1
20260821,96272547,RINGGIT MALAYSIA,OVERSEA,ON US,AEON BIG (M) SDN BHD-KEPONG,CP,640.98,1
20260901,96272547,RINGGIT MALAYSIA,LOCAL,ON US,TESCO STORES (M),CP,1258.99,1
20260807,96272547,RINGGIT MALAYSIA,LOCAL,ON US - NON PRV-MRCHT,MCDONALD'S MALAYSIA,CP,787.34,1
20260815,96272547,RINGGIT MALAYSIA,LOCAL,ON US,MCDONALD'S MALAYSIA,CP,5990.65,1
20260902,96272547,RINGGIT MALAYSIA,LOCAL,ON US - NON PRV-MRCHT,SHELL MALAYSIA,CP,3120.46,1
20260826,96272547,RINGGIT MALAYSIA,LOCAL,ON US - NON PRV-MRCHT,ECONSAVE-JOHOR,CA,2603.82,1
20260501,39883970,RINGGIT MALAYSIA,LOCAL,NOT ON US,SHOPEE PAY,CP,5750.97,1
20251027,39883970,RINGGIT MALAYSIA,LOCAL,NOT ON US,MCDONALD'S MALAYSIA,CP,3908.1,1
20250910,39883970,RINGGIT MALAYSIA,LOCAL,NOT ON US,HARVEY NORMAN-IOI CITY,CA,3218.09,1
20260207,93388962,RINGGIT MALAYSIA,OVERSEA,ON US - NON PRV-MRCHT,HARVEY NORMAN-IOI CITY,CA,1885.33,1
20260306,93388962,RINGGIT MALAYSIA,LOCAL,ON US,MR DIY-SUNWAY PYRAMID,CA,2112.78,1
20260104,93388962,RINGGIT MALAYSIA,LOCAL,ON US,HARVEY NORMAN-IOI CITY,CP,726.74,1
20251004,93388962,RINGGIT MALAYSIA,OVERSEA,NOT ON US,ECONSAVE-JOHOR,CP,2321.77,1
20251014,93388962,RINGGIT MALAYSIA,LOCAL,NOT ON US,AEON CO (M) BHD-MID VALLEY,CA,179.06,1
20260610,93388962,RINGGIT MALAYSIA,LOCAL,ON US - NON PRV-MRCHT,TESCO STORES (M),CP,2339.93,1
20260529,93388962,RINGGIT MALAYSIA,LOCAL,NOT ON US,SHOPEE PAY,CP,3243.83,1
20251117,93388962,RINGGIT MALAYSIA,LOCAL,ON US,AEON CO (M) BHD-MID VALLEY,CP,1401.38,1
20260527,97191317,RINGGIT MALAYSIA,LOCAL,ON US - NON PRV-MRCHT,TESCO STORES (M),CP,4070.59,1
20260306,97191317,RINGGIT MALAYSIA,OVERSEA,ON US,SHELL MALAYSIA,CP,3919.53,1
20251023,97191317,RINGGIT MALAYSIA,LOCAL,NOT ON US,GUARDIAN HEALTH-KLCC,CP,1273.61,1
20251021,97191317,RINGGIT MALAYSIA,LOCAL,ON US - NON PRV-MRCHT,AEON CO (M) BHD-MID VALLEY,CP,1425.99,1
20260524,97191317,RINGGIT MALAYSIA,LOCAL,NOT ON US,SHELL MALAYSIA,CP,3260.3,1
20260822,97191317,RINGGIT MALAYSIA,LOCAL,NOT ON US,COURTS MAMMOTH,CA,693.87,1
20260813,97191317,RINGGIT MALAYSIA,OVERSEA,ON US - NON PRV-MRCHT,ZALORA MALAYSIA,CP,3546.69,1
20260606,97191317,RINGGIT MALAYSIA,LOCAL,NOT ON US,SHELL MALAYSIA,CP,2499.92,1
20260809,97191317,RINGGIT MALAYSIA,OVERSEA,ON US - NON PRV-MRCHT,WATSONS PERSONAL CARE,CP,690.52,1
20260824,84642078,RINGGIT MALAYSIA,LOCAL,ON US,GIANT HYPERMARKET-SHAH ALAM,CP,6484.67,1
20260902,84642078,RINGGIT MALAYSIA,LOCAL,ON US - NON PRV-MRCHT,ZALORA MALAYSIA,CP,4714.15,1
20260901,84642078,RINGGIT MALAYSIA,LOCAL,ON US - NON PRV-MRCHT,AEON CO (M) BHD-MID VALLEY,CP,2555.82,1
20260824,84642078,RINGGIT MALAYSIA,LOCAL,ON US - NON PRV-MRCHT,GRABPAY TOP UP,CA,6659.73,1
20260815,84642078,RINGGIT MALAYSIA,LOCAL,ON US - NON PRV-MRCHT,AEON CO (M) BHD-MID VALLEY,CP,5905.88,1
20260831,84642078,RINGGIT MALAYSIA,LOCAL,ON US,AEON BIG (M) SDN BHD-KEPONG,CP,3291.19,1
20260831,84642078,RINGGIT MALAYSIA,LOCAL,NOT ON US,LOTUS'S STORES-CHERAS,CP,4802.22,1
20260831,84642078,RINGGIT MALAYSIA,OVERSEA,NOT ON US,SHELL MALAYSIA,CA,1645.47,1
20260808,84642078,RINGGIT MALAYSIA,LOCAL,ON US - NON PRV-MRCHT,ECONSAVE-JOHOR,CA,2612.17,1
20260820,84642078,RINGGIT MALAYSIA,LOCAL,ON US - NON PRV-MRCHT,LAZADA MALAYSIA,CP,3474.44,1
20260810,84642078,RINGGIT MALAYSIA,LOCAL,NOT ON US,ZALORA MALAYSIA,CP,1535.21,1
20260902,84642078,RINGGIT MALAYSIA,LOCAL,NOT ON US,KFC HOLDINGS,CP,6789.49,1
20260318,68548403,RINGGIT MALAYSIA,OVERSEA,NOT ON US,MYDIN MOHAMED HOLDINGS,CP,2903.46,1
20260806,68548403,RINGGIT MALAYSIA,LOCAL,ON US,AEON CO (M) BHD-MID VALLEY,CP,2976.86,1
20260827,68548403,RINGGIT MALAYSIA,LOCAL,NOT ON US,MR DIY-SUNWAY PYRAMID,CA,4137.32,1
20260307,68548403,RINGGIT MALAYSIA,LOCAL,ON US - NON PRV-MRCHT,MCDONALD'S MALAYSIA,CP,4113.29,1
20260812,68548403,RINGGIT MALAYSIA,LOCAL,ON US - NON PRV-MRCHT,HARVEY NORMAN-IOI CITY,CP,2576.28,1
20260820,68548403,RINGGIT MALAYSIA,LOCAL,NOT ON US,AEON CO (M) BHD-MID VALLEY,CP,549.49,1
20260902,68548403,RINGGIT MALAYSIA,OVERSEA,ON US - NON PRV-MRCHT,SHELL MALAYSIA,CP,2367.98,1
20260607,68548403,RINGGIT MALAYSIA,OVERSEA,ON US - NON PRV-MRCHT,GIANT HYPERMARKET-SHAH ALAM,CA,5331.96,1
20251227,45792181,RINGGIT MALAYSIA,OVERSEA,ON US,LAZADA MALAYSIA,CA,821.42,1
20250930,45792181,RINGGIT MALAYSIA,LOCAL,ON US - NON PRV-MRCHT,SHELL MALAYSIA,CP,2448.11,1
20251123,45792181,RINGGIT MALAYSIA,OVERSEA,ON US - NON PRV-MRCHT,LOTUS'S STORES-CHERAS,CA,2585.47,1
20250913,45792181,RINGGIT MALAYSIA,LOCAL,ON US,WATSONS PERSONAL CARE,CP,90.49,1
20260102,45792181,RINGGIT MALAYSIA,LOCAL,ON US - NON PRV-MRCHT,LAZADA MALAYSIA,CA,3173.41,1
20260716,60182044,RINGGIT MALAYSIA,LOCAL,NOT ON US,GIANT HYPERMARKET-SHAH ALAM,CP,3750.93,1
20260702,60182044,RINGGIT MALAYSIA,LOCAL,NOT ON US,SENHENG ELECTRIC,CP,4502.99,1
20260619,60182044,RINGGIT MALAYSIA,LOCAL,ON US,AEON CO (M) BHD-MID VALLEY,CA,3700.78,1
20251212,60182044,RINGGIT MALAYSIA,OVERSEA,NOT ON US,HARVEY NORMAN-IOI CITY,CP,1897.79,1
20260201,60182044,RINGGIT MALAYSIA,LOCAL,ON US,SHELL MALAYSIA,CA,405.06,1
20251209,60182044,RINGGIT MALAYSIA,OVERSEA,ON US - NON PRV-MRCHT,COURTS MAMMOTH,CP,1053.29,1
20251222,60182044,RINGGIT MALAYSIA,LOCAL,ON US - NON PRV-MRCHT,LAZADA MALAYSIA,CP,1420.71,1
20260825,60182044,RINGGIT MALAYSIA,LOCAL,ON US - NON PRV-MRCHT,GUARDIAN HEALTH-KLCC,CA,695.47,1
20260716,10842074,RINGGIT MALAYSIA,LOCAL,NOT ON US,TESCO STORES (M),CP,5252.55,1
20260810,10842074,RINGGIT MALAYSIA,LOCAL,ON US - NON PRV-MRCHT,SHELL MALAYSIA,CP,3057.85,1
20260803,10842074,RINGGIT MALAYSIA,LOCAL,ON US,TESCO STORES (M),CP,847.95,1
20260814,10842074,RINGGIT MALAYSIA,LOCAL,NOT ON US,SHELL MALAYSIA,CP,112.27,1
20260828,10842074,RINGGIT MALAYSIA,LOCAL,ON US,PARKSON GRAND-PAVILION,CP,1690.94,1
20260810,10842074,RINGGIT MALAYSIA,LOCAL,ON US - NON PRV-MRCHT,GRABPAY TOP UP,CP,1784.2,1
20260720,10842074,RINGGIT MALAYSIA,LOCAL,ON US,COURTS MAMMOTH,CP,2498.75,1
20260617,10842074,RINGGIT MALAYSIA,LOCAL,ON US,MR DIY-SUNWAY PYRAMID,CP,2074.03,1
20260815,10842074,RINGGIT MALAYSIA,LOCAL,ON US - NON PRV-MRCHT,AEON BIG (M) SDN BHD-KEPONG,CA,2941.36,1
20260820,10842074,RINGGIT MALAYSIA,LOCAL,ON US - NON PRV-MRCHT,LAZADA MALAYSIA,CA,5796.31,1
20260806,71792473,RINGGIT MALAYSIA,OVERSEA,NOT ON US,AEON BIG (M) SDN BHD-KEPONG,CP,3553.23,1
20260828,71792473,RINGGIT MALAYSIA,LOCAL,ON US,GUARDIAN HEALTH-KLCC,CP,3860.34,1
20260826,71792473,RINGGIT MALAYSIA,LOCAL,ON US,AEON BIG (M) SDN BHD-KEPONG,CA,5395.56,1
20260808,71792473,RINGGIT MALAYSIA,LOCAL,ON US,ECONSAVE-JOHOR,CP,914.48,1
20260814,71792473,RINGGIT MALAYSIA,OVERSEA,ON US,WATSONS PERSONAL CARE,CP,3204.8,1
20260808,71792473,RINGGIT MALAYSIA,LOCAL,NOT ON US,MR DIY-SUNWAY PYRAMID,CP,1450.6,1
20260815,71792473,RINGGIT MALAYSIA,OVERSEA,NOT ON US,WATSONS PERSONAL CARE,CP,1210.78,1
20260810,71792473,RINGGIT MALAYSIA,LOCAL,ON US,LAZADA MALAYSIA,CP,2486.48,1
20260818,71792473,RINGGIT MALAYSIA,LOCAL,NOT ON US,HARVEY NORMAN-IOI CITY,CP,479.07,1
20260804,26103982,RINGGIT MALAYSIA,LOCAL,ON US - NON PRV-MRCHT,HARVEY NORMAN-IOI CITY,CA,655.84,1
20260826,26103982,RINGGIT MALAYSIA,OVERSEA,NOT ON US,GUARDIAN HEALTH-KLCC,CP,830.8,1
20260808,26103982,RINGGIT MALAYSIA,LOCAL,NOT ON US,AEON CO (M) BHD-MID VALLEY,CP,1288.4,1
20260712,26103982,RINGGIT MALAYSIA,LOCAL,ON US - NON PRV-MRCHT,SHELL MALAYSIA,CP,823.7,1
20260303,26103982,RINGGIT MALAYSIA,OVERSEA,ON US - NON PRV-MRCHT,TESCO STORES (M),CP,1423.81,1
20260207,26103982,RINGGIT MALAYSIA,LOCAL,NOT ON US,AEON BIG (M) SDN BHD-KEPONG,CP,3223.47,1
20260426,26103982,RINGGIT MALAYSIA,LOCAL,ON US,HARVEY NORMAN-IOI CITY,CA,1875.05,1
20260828,26103982,RINGGIT MALAYSIA,LOCAL,ON US,GUARDIAN HEALTH-KLCC,CP,2715.71,1
20260701,35817805,RINGGIT MALAYSIA,LOCAL,ON US,AEON CO (M) BHD-MID VALLEY,CA,2347.05,1
20260829,35817805,RINGGIT MALAYSIA,LOCAL,ON US,GRABPAY TOP UP,CP,3093.99,1
20260813,35817805,RINGGIT MALAYSIA,OVERSEA,ON US - NON PRV-MRCHT,GUARDIAN HEALTH-KLCC,CP,6615.41,1
20260823,35817805,RINGGIT MALAYSIA,LOCAL,ON US - NON PRV-MRCHT,COURTS MAMMOTH,CP,1912.49,1
20260828,35817805,RINGGIT MALAYSIA,OVERSEA,NOT ON US,GUARDIAN HEALTH-KLCC,CP,111.22,1
20260223,35728692,RINGGIT MALAYSIA,LOCAL,ON US - NON PRV-MRCHT,MCDONALD'S MALAYSIA,CA,3855.86,1
20250829,35728692,RINGGIT MALAYSIA,LOCAL,ON US,AEON BIG (M) SDN BHD-KEPONG,CP,1578.66,1
20250816,35728692,RINGGIT MALAYSIA,OVERSEA,ON US,GIANT HYPERMARKET-SHAH ALAM,CA,4435.8,1
20260104,35728692,RINGGIT MALAYSIA,LOCAL,ON US,COURTS MAMMOTH,CA,3904.3,1
20251228,35728692,RINGGIT MALAYSIA,LOCAL,ON US - NON PRV-MRCHT,SHELL MALAYSIA,CP,3208.43,1
20260609,35728692,RINGGIT MALAYSIA,LOCAL,ON US - NON PRV-MRCHT,GUARDIAN HEALTH-KLCC,CA,4732.99,1
20260115,35728692,RINGGIT MALAYSIA,LOCAL,ON US - NON PRV-MRCHT,SHOPEE PAY,CP,6347.05,1
20260519,35728692,RINGGIT MALAYSIA,LOCAL,NOT ON US,MYDIN MOHAMED HOLDINGS,CP,3690.05,1
20260204,35728692,RINGGIT MALAYSIA,OVERSEA,NOT ON US,ECONSAVE-JOHOR,CP,4272.12,1
20260405,62052210,RINGGIT MALAYSIA,OVERSEA,NOT ON US,ZALORA MALAYSIA,CP,2252.64,1
20251221,62052210,RINGGIT MALAYSIA,LOCAL,ON US,TESCO STORES (M),CA,4077.29,1
20251119,62052210,RINGGIT MALAYSIA,LOCAL,NOT ON US,HARVEY NORMAN-IOI CITY,CP,5013.39,1
20260820,62052210,RINGGIT MALAYSIA,LOCAL,ON US - NON PRV-MRCHT,AEON CO (M) BHD-MID VALLEY,CP,5092.77,1
20260107,62052210,RINGGIT MALAYSIA,LOCAL,NOT ON US,SHOPEE PAY,CA,3531.91,1
20251126,62052210,RINGGIT MALAYSIA,LOCAL,ON US,SENHENG ELECTRIC,CP,722.98,1
20251026,62052210,RINGGIT MALAYSIA,LOCAL,ON US,SHELL MALAYSIA,CP,3578.63,1
20251009,62052210,RINGGIT MALAYSIA,OVERSEA,ON US,LAZADA MALAYSIA,CP,5281.15,1
20260902,39707606,RINGGIT MALAYSIA,LOCAL,ON US - NON PRV-MRCHT,WATSONS PERSONAL CARE,CA,2631.57,1
20260815,39707606,RINGGIT MALAYSIA,LOCAL,NOT ON US,SENHENG ELECTRIC,CP,2489.32,1
20260829,75694038,RINGGIT MALAYSIA,LOCAL,NOT ON US,GUARDIAN HEALTH-KLCC,CA,5048.71,1
20260830,75694038,RINGGIT MALAYSIA,OVERSEA,ON US,PARKSON GRAND-PAVILION,CP,4270.64,1
20260831,75694038,RINGGIT MALAYSIA,OVERSEA,NOT ON US,ECONSAVE-JOHOR,CP,664.28,1
20260815,75694038,RINGGIT MALAYSIA,LOCAL,ON US,MR DIY-SUNWAY PYRAMID,CP,4095.58,1
20260827,75694038,RINGGIT MALAYSIA,LOCAL,ON US,ZALORA MALAYSIA,CP,3872.48,1
20260820,75694038,RINGGIT MALAYSIA,LOCAL,ON US - NON PRV-MRCHT,AEON BIG (M) SDN BHD-KEPONG,CP,2681.15,1
20260828,75694038,RINGGIT MALAYSIA,OVERSEA,ON US - NON PRV-MRCHT,MR DIY-SUNWAY PYRAMID,CP,2436.23,1
20260809,75694038,RINGGIT MALAYSIA,LOCAL,ON US - NON PRV-MRCHT,SHOPEE PAY,CP,1687.61,1
20260806,75694038,RINGGIT MALAYSIA,LOCAL,ON US,GUARDIAN HEALTH-KLCC,CP,1196.95,1
20260822,75694038,RINGGIT MALAYSIA,LOCAL,ON US - NON PRV-MRCHT,PETRONAS DAGANGAN,CP,5771.07,1
20260817,41222956,RINGGIT MALAYSIA,LOCAL,NOT ON US,COURTS MAMMOTH,CP,1845.39,1
20260813,41222956,RINGGIT MALAYSIA,LOCAL,ON US,AEON CO (M) BHD-MID VALLEY,CP,3367.83,1
20260826,41222956,RINGGIT MALAYSIA,OVERSEA,NOT ON US,ECONSAVE-JOHOR,CA,100.35,1
20260804,41222956,RINGGIT MALAYSIA,LOCAL,ON US - NON PRV-MRCHT,COURTS MAMMOTH,CP,4781.05,1
20260817,41222956,RINGGIT MALAYSIA,LOCAL,ON US,SENHENG ELECTRIC,CP,243.19,1
20251101,73437105,RINGGIT MALAYSIA,LOCAL,NOT ON US,PETRONAS DAGANGAN,CP,3393.25,1
20260216,73437105,RINGGIT MALAYSIA,LOCAL,NOT ON US,KFC HOLDINGS,CP,2726.7,1
20260109,73437105,RINGGIT MALAYSIA,LOCAL,ON US - NON PRV-MRCHT,MYDIN MOHAMED HOLDINGS,CP,3240.91,1
20260618,73437105,RINGGIT MALAYSIA,OVERSEA,ON US,MCDONALD'S MALAYSIA,CP,1967.8,1
20260209,73437105,RINGGIT MALAYSIA,LOCAL,ON US - NON PRV-MRCHT,AEON BIG (M) SDN BHD-KEPONG,CP,228.99,1
20260309,73437105,RINGGIT MALAYSIA,OVERSEA,ON US - NON PRV-MRCHT,MCDONALD'S MALAYSIA,CP,3938.84,1
20260505,73437105,RINGGIT MALAYSIA,LOCAL,ON US - NON PRV-MRCHT,TESCO STORES (M),CP,2908.96,1
20260623,73437105,RINGGIT MALAYSIA,OVERSEA,NOT ON US,AEON BIG (M) SDN BHD-KEPONG,CP,4106.77,1
20260114,73437105,RINGGIT MALAYSIA,LOCAL,ON US - NON PRV-MRCHT,PARKSON GRAND-PAVILION,CP,3851.11,1
20260808,18223029,RINGGIT MALAYSIA,LOCAL,NOT ON US,MYDIN MOHAMED HOLDINGS,CP,4753.69,1
20260828,18223029,RINGGIT MALAYSIA,OVERSEA,ON US,PARKSON GRAND-PAVILION,CP,3496.38,1
20260815,18223029,RINGGIT MALAYSIA,LOCAL,NOT ON US,KFC HOLDINGS,CP,4651.31,1
20260511,18223029,RINGGIT MALAYSIA,LOCAL,ON US - NON PRV-MRCHT,MCDONALD'S MALAYSIA,CP,1857.49,1
20260822,18223029,RINGGIT MALAYSIA,LOCAL,NOT ON US,SHOPEE PAY,CP,6365.37,1
20260318,18223029,RINGGIT MALAYSIA,LOCAL,ON US,AEON BIG (M) SDN BHD-KEPONG,CP,5884.57,1
20260809,18223029,RINGGIT MALAYSIA,LOCAL,NOT ON US,ECONSAVE-JOHOR,CP,2222.02,1
20260831,18223029,RINGGIT MALAYSIA,LOCAL,NOT ON US,AEON CO (M) BHD-MID VALLEY,CP,144.18,1
20260813,18223029,RINGGIT MALAYSIA,LOCAL,ON US - NON PRV-MRCHT,ZALORA MALAYSIA,CP,5463.5,1
20260702,18223029,RINGGIT MALAYSIA,LOCAL,NOT ON US,MCDONALD'S MALAYSIA,CA,4909.83,1
20260622,18223029,RINGGIT MALAYSIA,OVERSEA,ON US - NON PRV-MRCHT,HARVEY NORMAN-IOI CITY,CA,1364.92,1
20260205,27418572,RINGGIT MALAYSIA,LOCAL,ON US,ZALORA MALAYSIA,CP,2129.29,1
20260314,27418572,RINGGIT MALAYSIA,LOCAL,NOT ON US,GUARDIAN HEALTH-KLCC,CP,4739.44,1
20260806,27418572,RINGGIT MALAYSIA,LOCAL,ON US,COURTS MAMMOTH,CP,742.05,1
20251227,27418572,RINGGIT MALAYSIA,LOCAL,ON US,SENHENG ELECTRIC,CP,5070.5,1
20251031,27418572,RINGGIT MALAYSIA,LOCAL,NOT ON US,TESCO STORES (M),CP,6511.85,1
20260413,26596590,RINGGIT MALAYSIA,LOCAL,ON US - NON PRV-MRCHT,PETRONAS DAGANGAN,CA,4127.45,1
20260211,26596590,RINGGIT MALAYSIA,OVERSEA,ON US,LAZADA MALAYSIA,CA,124.17,1
20260902,26596590,RINGGIT MALAYSIA,OVERSEA,ON US,WATSONS PERSONAL CARE,CP,2284.93,1
20260422,26596590,RINGGIT MALAYSIA,LOCAL,ON US - NON PRV-MRCHT,GUARDIAN HEALTH-KLCC,CP,3275.65,1
20260602,26596590,RINGGIT MALAYSIA,OVERSEA,ON US - NON PRV-MRCHT,WATSONS PERSONAL CARE,CP,89.62,1
20260721,26596590,RINGGIT MALAYSIA,LOCAL,ON US - NON PRV-MRCHT,KFC HOLDINGS,CP,4512.41,1
20260118,26596590,RINGGIT MALAYSIA,OVERSEA,ON US,SHOPEE PAY,CP,4354.79,1
20260823,26596590,RINGGIT MALAYSIA,LOCAL,NOT ON US,SHELL MALAYSIA,CA,190.29,1
20260812,26596590,RINGGIT MALAYSIA,LOCAL,ON US,ECONSAVE-JOHOR,CA,2715.63,1
20260729,26596590,RINGGIT MALAYSIA,LOCAL,NOT ON US,KFC HOLDINGS,CP,1375.27,1
20260721,26596590,RINGGIT MALAYSIA,LOCAL,ON US,ECONSAVE-JOHOR,CA,3184.63,1
20260125,26596590,RINGGIT MALAYSIA,LOCAL,ON US - NON PRV-MRCHT,MCDONALD'S MALAYSIA,CA,4946.24,1
20260316,26596590,RINGGIT MALAYSIA,LOCAL,ON US,LOTUS'S STORES-CHERAS,CP,1562.8,1
20260519,86219084,RINGGIT MALAYSIA,LOCAL,ON US,LOTUS'S STORES-CHERAS,CP,5298.23,1
20260320,86219084,RINGGIT MALAYSIA,LOCAL,ON US,WATSONS PERSONAL CARE,CP,3039.82,1
20251208,96155859,RINGGIT MALAYSIA,LOCAL,ON US - NON PRV-MRCHT,AEON BIG (M) SDN BHD-KEPONG,CP,2940.24,1
20260730,96155859,RINGGIT MALAYSIA,OVERSEA,ON US,KFC HOLDINGS,CP,1677.77,1
20251102,96155859,RINGGIT MALAYSIA,LOCAL,ON US,COURTS MAMMOTH,CP,1145.81,1
20260508,96155859,RINGGIT MALAYSIA,LOCAL,NOT ON US,SENHENG ELECTRIC,CP,2677.75,1
20260124,96155859,RINGGIT MALAYSIA,LOCAL,ON US - NON PRV-MRCHT,COURTS MAMMOTH,CP,2624.63,1
20260115,96155859,RINGGIT MALAYSIA,OVERSEA,ON US,PETRONAS DAGANGAN,CP,2560.9,1
20260803,96155859,RINGGIT MALAYSIA,LOCAL,ON US - NON PRV-MRCHT,LOTUS'S STORES-CHERAS,CP,1900.96,1
20260817,96155859,RINGGIT MALAYSIA,OVERSEA,NOT ON US,SHELL MALAYSIA,CP,2982.75,1
20260819,82230944,RINGGIT MALAYSIA,OVERSEA,NOT ON US,ZALORA MALAYSIA,CP,3427.83,1
20260813,82230944,RINGGIT MALAYSIA,LOCAL,NOT ON US,AEON CO (M) BHD-MID VALLEY,CP,4222.23,1
20260830,82230944,RINGGIT MALAYSIA,LOCAL,ON US,COURTS MAMMOTH,CP,5366.9,1
20260816,82230944,RINGGIT MALAYSIA,LOCAL,ON US - NON PRV-MRCHT,WATSONS PERSONAL CARE,CP,5676.39,1
20260822,82230944,RINGGIT MALAYSIA,OVERSEA,NOT ON US,TESCO STORES (M),CP,1902.24,1
20260820,17597364,RINGGIT MALAYSIA,LOCAL,NOT ON US,SHELL MALAYSIA,CP,6728.58,1
20260504,17597364,RINGGIT MALAYSIA,LOCAL,ON US,GRABPAY TOP UP,CP,4766.29,1
20260807,17597364,RINGGIT MALAYSIA,LOCAL,NOT ON US,AEON CO (M) BHD-MID VALLEY,CP,5560.55,1
20260630,17597364,RINGGIT MALAYSIA,LOCAL,ON US - NON PRV-MRCHT,MYDIN MOHAMED HOLDINGS,CA,6038.32,1
20260823,17597364,RINGGIT MALAYSIA,OVERSEA,ON US - NON PRV-MRCHT,GRABPAY TOP UP,CP,64.59,1
20260803,17597364,RINGGIT MALAYSIA,LOCAL,ON US - NON PRV-MRCHT,WATSONS PERSONAL CARE,CA,4978.21,1
20260323,17597364,RINGGIT MALAYSIA,LOCAL,NOT ON US,PARKSON GRAND-PAVILION,CA,4797.34,1
20260808,17597364,RINGGIT MALAYSIA,OVERSEA,ON US - NON PRV-MRCHT,COURTS MAMMOTH,CP,2483.53,1
20260811,17597364,RINGGIT MALAYSIA,OVERSEA,ON US,LAZADA MALAYSIA,CP,4521.3,1
20260820,17597364,RINGGIT MALAYSIA,LOCAL,ON US - NON PRV-MRCHT,GIANT HYPERMARKET-SHAH ALAM,CP,411.47,1
20260829,17597364,RINGGIT MALAYSIA,LOCAL,ON US - NON PRV-MRCHT,GUARDIAN HEALTH-KLCC,CP,2863.39,1
20260819,17597364,RINGGIT MALAYSIA,LOCAL,ON US,COURTS MAMMOTH,CP,5172.84,1
20260502,17597364,RINGGIT MALAYSIA,LOCAL,NOT ON US,COURTS MAMMOTH,CP,2106.96,1
20260813,17597364,RINGGIT MALAYSIA,LOCAL,ON US - NON PRV-MRCHT,LAZADA MALAYSIA,CP,5433.55,1
20260820,72511618,RINGGIT MALAYSIA,LOCAL,ON US - NON PRV-MRCHT,WATSONS PERSONAL CARE,CP,7244.45,1
20260803,72511618,RINGGIT MALAYSIA,LOCAL,ON US - NON PRV-MRCHT,AEON CO (M) BHD-MID VALLEY,CA,5118.27,1
20260803,72511618,RINGGIT MALAYSIA,LOCAL,NOT ON US,SHELL MALAYSIA,CA,3612.18,1
20260808,72511618,RINGGIT MALAYSIA,OVERSEA,ON US,ZALORA MALAYSIA,CP,3581.71,1
20260825,72511618,RINGGIT MALAYSIA,LOCAL,ON US - NON PRV-MRCHT,WATSONS PERSONAL CARE,CP,3921.83,1
20260826,72511618,RINGGIT MALAYSIA,LOCAL,NOT ON US,COURTS MAMMOTH,CP,5522.52,1
20260821,72511618,RINGGIT MALAYSIA,LOCAL,ON US - NON PRV-MRCHT,AEON BIG (M) SDN BHD-KEPONG,CP,5385.52,1
20260831,72511618,RINGGIT MALAYSIA,LOCAL,ON US - NON PRV-MRCHT,GUARDIAN HEALTH-KLCC,CP,7069.78,1
20260809,72511618,RINGGIT MALAYSIA,OVERSEA,ON US,HARVEY NORMAN-IOI CITY,CA,3315.17,1
20260731,56993293,RINGGIT MALAYSIA,LOCAL,NOT ON US,TESCO STORES (M),CP,4024.97,1
20260817,56993293,RINGGIT MALAYSIA,LOCAL,ON US,LOTUS'S STORES-CHERAS,CP,2477.89,1
20260707,56993293,RINGGIT MALAYSIA,OVERSEA,ON US,WATSONS PERSONAL CARE,CP,1755.6,1
20260827,56993293,RINGGIT MALAYSIA,LOCAL,ON US,KFC HOLDINGS,CP,4847.29,1
20260812,56993293,RINGGIT MALAYSIA,OVERSEA,ON US - NON PRV-MRCHT,GRABPAY TOP UP,CA,1558.29,1
20260828,56993293,RINGGIT MALAYSIA,LOCAL,ON US - NON PRV-MRCHT,TESCO STORES (M),CP,2058.38,1
20260901,56993293,RINGGIT MALAYSIA,OVERSEA,ON US,AEON BIG (M) SDN BHD-KEPONG,CP,3926.14,1
20260802,56993293,RINGGIT MALAYSIA,LOCAL,ON US,SHELL MALAYSIA,CP,1142.48,1
20260822,56993293,RINGGIT MALAYSIA,LOCAL,ON US,MYDIN MOHAMED HOLDINGS,CP,2881.42,1
20260803,56993293,RINGGIT MALAYSIA,LOCAL,NOT ON US,GRABPAY TOP UP,CP,4943.59,1
20260819,56993293,RINGGIT MALAYSIA,LOCAL,NOT ON US,ECONSAVE-JOHOR,CP,2612.93,1
20260901,91650533,RINGGIT MALAYSIA,OVERSEA,ON US,KFC HOLDINGS,CA,2268.21,1
20260902,91650533,RINGGIT MALAYSIA,OVERSEA,NOT ON US,SHELL MALAYSIA,CP,2216.37,1
20260828,91650533,RINGGIT MALAYSIA,LOCAL,NOT ON US,MR DIY-SUNWAY PYRAMID,CP,1112.48,1
20260805,91650533,RINGGIT MALAYSIA,LOCAL,ON US - NON PRV-MRCHT,LOTUS'S STORES-CHERAS,CP,1754.14,1
20260309,70832175,RINGGIT MALAYSIA,OVERSEA,ON US - NON PRV-MRCHT,MR DIY-SUNWAY PYRAMID,CP,1534.44,1
20260506,70832175,RINGGIT MALAYSIA,LOCAL,ON US - NON PRV-MRCHT,PETRONAS DAGANGAN,CA,5786.62,1
20260303,70832175,RINGGIT MALAYSIA,LOCAL,ON US,SHELL MALAYSIA,CP,1063.23,1
20260206,70832175,RINGGIT MALAYSIA,LOCAL,ON US,GIANT HYPERMARKET-SHAH ALAM,CA,3250.19,1
20260107,70832175,RINGGIT MALAYSIA,OVERSEA,ON US,PARKSON GRAND-PAVILION,CP,4579.02,1
20260508,70832175,RINGGIT MALAYSIA,LOCAL,ON US - NON PRV-MRCHT,MR DIY-SUNWAY PYRAMID,CP,4890.18,1
20260201,70832175,RINGGIT MALAYSIA,LOCAL,ON US - NON PRV-MRCHT,AEON BIG (M) SDN BHD-KEPONG,CP,7103.04,1
20251125,70832175,RINGGIT MALAYSIA,LOCAL,ON US - NON PRV-MRCHT,ECONSAVE-JOHOR,CP,4442.77,1
20260619,70832175,RINGGIT MALAYSIA,LOCAL,ON US - NON PRV-MRCHT,AEON CO (M) BHD-MID VALLEY,CP,3462.9,1
20260416,70832175,RINGGIT MALAYSIA,LOCAL,ON US - NON PRV-MRCHT,SHOPEE PAY,CP,4516.33,1
20260327,70832175,RINGGIT MALAYSIA,LOCAL,ON US - NON PRV-MRCHT,PARKSON GRAND-PAVILION,CP,6149.61,1
20251111,70832175,RINGGIT MALAYSIA,LOCAL,NOT ON US,AEON CO (M) BHD-MID VALLEY,CP,4565.5,1
20260408,70832175,RINGGIT MALAYSIA,OVERSEA,ON US,HARVEY NORMAN-IOI CITY,CP,2394.44,1
20260412,48499243,RINGGIT MALAYSIA,OVERSEA,NOT ON US,SHELL MALAYSIA,CP,1947.33,1
20260420,48499243,RINGGIT MALAYSIA,LOCAL,ON US,MR DIY-SUNWAY PYRAMID,CP,4445.27,1
20260602,48499243,RINGGIT MALAYSIA,LOCAL,NOT ON US,MYDIN MOHAMED HOLDINGS,CP,2572.08,1
20251112,48499243,RINGGIT MALAYSIA,LOCAL,ON US,GUARDIAN HEALTH-KLCC,CP,4143.31,1
20251226,48499243,RINGGIT MALAYSIA,LOCAL,NOT ON US,ZALORA MALAYSIA,CA,4288.53,1
20260504,48499243,RINGGIT MALAYSIA,LOCAL,NOT ON US,GUARDIAN HEALTH-KLCC,CP,1633.74,1
20260531,48499243,RINGGIT MALAYSIA,OVERSEA,ON US,LAZADA MALAYSIA,CP,4295.22,1
20260814,48499243,RINGGIT MALAYSIA,LOCAL,NOT ON US,MCDONALD'S MALAYSIA,CA,2596.48,1
20250921,48499243,RINGGIT MALAYSIA,LOCAL,NOT ON US,LAZADA MALAYSIA,CP,2533.7,1
20260722,48499243,RINGGIT MALAYSIA,LOCAL,ON US,AEON CO (M) BHD-MID VALLEY,CA,2900.1,1
20260222,48499243,RINGGIT MALAYSIA,LOCAL,ON US - NON PRV-MRCHT,LAZADA MALAYSIA,CP,4570.45,1
20260607,51211454,RINGGIT MALAYSIA,LOCAL,ON US - NON PRV-MRCHT,COURTS MAMMOTH,CA,422.61,1
20251106,51211454,RINGGIT MALAYSIA,LOCAL,NOT ON US,MR DIY-SUNWAY PYRAMID,CP,409.45,1
20260220,51211454,RINGGIT MALAYSIA,LOCAL,NOT ON US,GIANT HYPERMARKET-SHAH ALAM,CA,3201.2,1
20260704,51211454,RINGGIT MALAYSIA,LOCAL,ON US,AEON CO (M) BHD-MID VALLEY,CP,2502.96,1
20251026,51211454,RINGGIT MALAYSIA,OVERSEA,ON US - NON PRV-MRCHT,SENHENG ELECTRIC,CP,2850.71,1
20260407,51211454,RINGGIT MALAYSIA,LOCAL,ON US - NON PRV-MRCHT,LAZADA MALAYSIA,CP,2285.81,1
20251116,51211454,RINGGIT MALAYSIA,LOCAL,NOT ON US,PETRONAS DAGANGAN,CP,3700.67,1
20260408,51211454,RINGGIT MALAYSIA,LOCAL,ON US - NON PRV-MRCHT,LAZADA MALAYSIA,CA,3092.0,1
20251009,51211454,RINGGIT MALAYSIA,LOCAL,ON US - NON PRV-MRCHT,GUARDIAN HEALTH-KLCC,CA,1944.38,1
20260726,51211454,RINGGIT MALAYSIA,LOCAL,ON US - NON PRV-MRCHT,ZALORA MALAYSIA,CP,1687.6,1
20260610,51211454,RINGGIT MALAYSIA,LOCAL,ON US - NON PRV-MRCHT,KFC HOLDINGS,CP,3406.5,1
20260713,64662098,RINGGIT MALAYSIA,LOCAL,NOT ON US,MYDIN MOHAMED HOLDINGS,CP,5926.0,1
20260716,64662098,RINGGIT MALAYSIA,LOCAL,ON US - NON PRV-MRCHT,ZALORA MALAYSIA,CA,291.26,1
20260201,64662098,RINGGIT MALAYSIA,LOCAL,NOT ON US,MCDONALD'S MALAYSIA,CP,1751.72,1
20260901,64662098,RINGGIT MALAYSIA,LOCAL,ON US - NON PRV-MRCHT,SENHENG ELECTRIC,CA,5668.83,1
20260703,64662098,RINGGIT MALAYSIA,OVERSEA,NOT ON US,COURTS MAMMOTH,CP,2206.35,1
20260817,64662098,RINGGIT MALAYSIA,OVERSEA,NOT ON US,ECONSAVE-JOHOR,CP,6383.27,1
20260314,64662098,RINGGIT MALAYSIA,LOCAL,NOT ON US,COURTS MAMMOTH,CP,603.95,1
20260130,64662098,RINGGIT MALAYSIA,LOCAL,ON US,MYDIN MOHAMED HOLDINGS,CP,1308.13,1
20251106,64662098,RINGGIT MALAYSIA,LOCAL,ON US - NON PRV-MRCHT,SHOPEE PAY,CP,6062.27,1
20260822,64662098,RINGGIT MALAYSIA,LOCAL,ON US,AEON BIG (M) SDN BHD-KEPONG,CP,4339.32,1
20251222,64662098,RINGGIT MALAYSIA,LOCAL,ON US,PARKSON GRAND-PAVILION,CP,4805.82,1
20260805,52869025,RINGGIT MALAYSIA,LOCAL,ON US - NON PRV-MRCHT,SHELL MALAYSIA,CP,4099.38,1
20260830,52869025,RINGGIT MALAYSIA,LOCAL,ON US,LOTUS'S STORES-CHERAS,CP,4010.35,1
20260813,52869025,RINGGIT MALAYSIA,LOCAL,ON US,AEON BIG (M) SDN BHD-KEPONG,CP,2976.02,1
20260808,52869025,RINGGIT MALAYSIA,LOCAL,ON US - NON PRV-MRCHT,ECONSAVE-JOHOR,CA,481.53,1
20260807,52869025,RINGGIT MALAYSIA,LOCAL,NOT ON US,PARKSON GRAND-PAVILION,CP,5014.23,1
20260827,52869025,RINGGIT MALAYSIA,LOCAL,ON US - NON PRV-MRCHT,MYDIN MOHAMED HOLDINGS,CP,2074.47,1
20260902,52869025,RINGGIT MALAYSIA,LOCAL,ON US - NON PRV-MRCHT,PETRONAS DAGANGAN,CA,517.9,1
20260719,52869025,RINGGIT MALAYSIA,LOCAL,ON US,GIANT HYPERMARKET-SHAH ALAM,CP,1038.14,1
20260824,52869025,RINGGIT MALAYSIA,OVERSEA,NOT ON US,AEON CO (M) BHD-MID VALLEY,CA,2447.1,1
20260813,52869025,RINGGIT MALAYSIA,LOCAL,NOT ON US,MYDIN MOHAMED HOLDINGS,CA,2698.7,1
20260226,87668208,RINGGIT MALAYSIA,LOCAL,NOT ON US,GRABPAY TOP UP,CP,3084.7,1
20260721,87668208,RINGGIT MALAYSIA,LOCAL,ON US - NON PRV-MRCHT,COURTS MAMMOTH,CA,2724.24,1
20250917,87668208,RINGGIT MALAYSIA,OVERSEA,ON US - NON PRV-MRCHT,SHELL MALAYSIA,CA,5079.52,1
20260501,87668208,RINGGIT MALAYSIA,OVERSEA,ON US,AEON CO (M) BHD-MID VALLEY,CP,4044.18,1
20260309,87668208,RINGGIT MALAYSIA,OVERSEA,NOT ON US,GRABPAY TOP UP,CA,2038.6,1
20260701,87668208,RINGGIT MALAYSIA,OVERSEA,ON US - NON PRV-MRCHT,MR DIY-SUNWAY PYRAMID,CP,5272.47,1
20251224,87668208,RINGGIT MALAYSIA,LOCAL,NOT ON US,AEON CO (M) BHD-MID VALLEY,CA,58.5,1
20251209,87668208,RINGGIT MALAYSIA,LOCAL,ON US,WATSONS PERSONAL CARE,CP,5016.45,1
20260806,83335618,RINGGIT MALAYSIA,LOCAL,ON US - NON PRV-MRCHT,MR DIY-SUNWAY PYRAMID,CP,7505.48,1
20260612,83335618,RINGGIT MALAYSIA,OVERSEA,NOT ON US,SENHENG ELECTRIC,CA,2908.59,1
20260819,83335618,RINGGIT MALAYSIA,OVERSEA,ON US,HARVEY NORMAN-IOI CITY,CP,1252.94,1
20260811,83335618,RINGGIT MALAYSIA,OVERSEA,NOT ON US,GRABPAY TOP UP,CA,3091.72,1
20260701,83335618,RINGGIT MALAYSIA,LOCAL,NOT ON US,PETRONAS DAGANGAN,CP,4680.62,1
20260818,83335618,RINGGIT MALAYSIA,LOCAL,ON US - NON PRV-MRCHT,WATSONS PERSONAL CARE,CP,5915.45,1
20260626,83335618,RINGGIT MALAYSIA,LOCAL,NOT ON US,SHELL MALAYSIA,CP,2829.47,1
20260429,83335618,RINGGIT MALAYSIA,LOCAL,ON US - NON PRV-MRCHT,GUARDIAN HEALTH-KLCC,CP,2991.54,1
20260902,48251875,RINGGIT MALAYSIA,LOCAL,NOT ON US,GUARDIAN HEALTH-KLCC,CA,3171.0,1
20260818,48251875,RINGGIT MALAYSIA,LOCAL,NOT ON US,TESCO STORES (M),CP,2607.14,1
20260809,48251875,RINGGIT MALAYSIA,LOCAL,ON US - NON PRV-MRCHT,LAZADA MALAYSIA,CA,1054.48,1
20260806,48251875,RINGGIT MALAYSIA,LOCAL,ON US - NON PRV-MRCHT,MYDIN MOHAMED HOLDINGS,CA,1542.97,1
20260815,48251875,RINGGIT MALAYSIA,LOCAL,NOT ON US,ECONSAVE-JOHOR,CP,2687.28,1
20260901,48251875,RINGGIT MALAYSIA,OVERSEA,NOT ON US,WATSONS PERSONAL CARE,CA,3492.67,1
20260806,48251875,RINGGIT MALAYSIA,LOCAL,ON US - NON PRV-MRCHT,GUARDIAN HEALTH-KLCC,CP,688.29,1
20260301,37134697,RINGGIT MALAYSIA,LOCAL,NOT ON US,GUARDIAN HEALTH-KLCC,CP,1331.18,1
20260420,37134697,RINGGIT MALAYSIA,LOCAL,ON US - NON PRV-MRCHT,SHELL MALAYSIA,CA,3032.27,1
20260818,37134697,RINGGIT MALAYSIA,OVERSEA,ON US,GUARDIAN HEALTH-KLCC,CP,1789.09,1
20260808,37134697,RINGGIT MALAYSIA,LOCAL,NOT ON US,GIANT HYPERMARKET-SHAH ALAM,CP,2031.73,1
20260424,37134697,RINGGIT MALAYSIA,LOCAL,ON US,PARKSON GRAND-PAVILION,CP,1783.17,1
20260902,37134697,RINGGIT MALAYSIA,OVERSEA,ON US,LOTUS'S STORES-CHERAS,CA,1320.41,1
20260506,37134697,RINGGIT MALAYSIA,LOCAL,ON US - NON PRV-MRCHT,PARKSON GRAND-PAVILION,CP,2260.72,1
20260829,37134697,RINGGIT MALAYSIA,LOCAL,ON US,MR DIY-SUNWAY PYRAMID,CP,1208.05,1
20260401,37134697,RINGGIT MALAYSIA,LOCAL,NOT ON US,ECONSAVE-JOHOR,CA,1835.25,1
20260117,37134697,RINGGIT MALAYSIA,LOCAL,ON US - NON PRV-MRCHT,MR DIY-SUNWAY PYRAMID,CP,462.94,1
20260601,37134697,RINGGIT MALAYSIA,LOCAL,ON US - NON PRV-MRCHT,LOTUS'S STORES-CHERAS,CP,25.09,1
20260303,70068638,RINGGIT MALAYSIA,LOCAL,ON US - NON PRV-MRCHT,SENHENG ELECTRIC,CP,986.5,1
20260324,70068638,RINGGIT MALAYSIA,LOCAL,ON US,GIANT HYPERMARKET-SHAH ALAM,CP,870.59,1
20260730,90487164,RINGGIT MALAYSIA,LOCAL,ON US,GUARDIAN HEALTH-KLCC,CP,1548.06,1
20260713,90487164,RINGGIT MALAYSIA,LOCAL,NOT ON US,GRABPAY TOP UP,CP,3067.56,1
20260815,90487164,RINGGIT MALAYSIA,LOCAL,ON US,GUARDIAN HEALTH-KLCC,CP,24.6,1
20260527,90487164,RINGGIT MALAYSIA,LOCAL,NOT ON US,TESCO STORES (M),CP,3830.84,1
20260527,90487164,RINGGIT MALAYSIA,OVERSEA,ON US - NON PRV-MRCHT,MCDONALD'S MALAYSIA,CP,1560.74,1
20260729,90487164,RINGGIT MALAYSIA,OVERSEA,ON US - NON PRV-MRCHT,GRABPAY TOP UP,CP,2449.74,1
20260426,90487164,RINGGIT MALAYSIA,OVERSEA,ON US,GUARDIAN HEALTH-KLCC,CP,4370.36,1
20260529,90487164,RINGGIT MALAYSIA,LOCAL,ON US - NON PRV-MRCHT,GRABPAY TOP UP,CP,266.74,1
20260408,90487164,RINGGIT MALAYSIA,LOCAL,ON US,MYDIN MOHAMED HOLDINGS,CA,3784.37,1
20260818,90487164,RINGGIT MALAYSIA,OVERSEA,ON US,KFC HOLDINGS,CA,3584.2,1
20260408,90487164,RINGGIT MALAYSIA,OVERSEA,ON US,KFC HOLDINGS,CA,5532.33,1
20260803,90487164,RINGGIT MALAYSIA,LOCAL,ON US - NON PRV-MRCHT,PARKSON GRAND-PAVILION,CP,4015.44,1
20260704,31964828,RINGGIT MALAYSIA,LOCAL,NOT ON US,MR DIY-SUNWAY PYRAMID,CP,237.61,1
20260830,31964828,RINGGIT MALAYSIA,LOCAL,ON US,ECONSAVE-JOHOR,CP,5661.25,1
20260630,31964828,RINGGIT MALAYSIA,LOCAL,ON US - NON PRV-MRCHT,GUARDIAN HEALTH-KLCC,CP,4642.64,1
20260824,31964828,RINGGIT MALAYSIA,OVERSEA,ON US - NON PRV-MRCHT,COURTS MAMMOTH,CA,962.88,1
20260818,31964828,RINGGIT MALAYSIA,LOCAL,ON US - NON PRV-MRCHT,SHOPEE PAY,CP,3364.84,1
20260831,31964828,RINGGIT MALAYSIA,LOCAL,ON US,SHELL MALAYSIA,CA,4943.25,1
20260812,31964828,RINGGIT MALAYSIA,LOCAL,ON US - NON PRV-MRCHT,COURTS MAMMOTH,CA,4884.01,1
20260831,31964828,RINGGIT MALAYSIA,LOCAL,NOT ON US,HARVEY NORMAN-IOI CITY,CP,6269.12,1
20260826,31964828,RINGGIT MALAYSIA,LOCAL,ON US - NON PRV-MRCHT,PARKSON GRAND-PAVILION,CP,567.86,1
20260829,31964828,RINGGIT MALAYSIA,LOCAL,ON US,AEON BIG (M) SDN BHD-KEPONG,CP,5779.41,1
20260823,31964828,RINGGIT MALAYSIA,LOCAL,NOT ON US,GRABPAY TOP UP,CA,5293.24,1
20260816,94715069,RINGGIT MALAYSIA,OVERSEA,ON US - NON PRV-MRCHT,AEON CO (M) BHD-MID VALLEY,CP,2214.94,1
20260820,94715069,RINGGIT MALAYSIA,OVERSEA,ON US - NON PRV-MRCHT,PARKSON GRAND-PAVILION,CP,1403.41,1
20260809,94715069,RINGGIT MALAYSIA,LOCAL,ON US - NON PRV-MRCHT,AEON BIG (M) SDN BHD-KEPONG,CA,3046.54,1
20260820,94715069,RINGGIT MALAYSIA,OVERSEA,NOT ON US,TESCO STORES (M),CP,4108.68,1
20260803,94715069,RINGGIT MALAYSIA,OVERSEA,ON US,PARKSON GRAND-PAVILION,CA,5088.71,1
20260808,94715069,RINGGIT MALAYSIA,OVERSEA,ON US,SENHENG ELECTRIC,CP,4809.96,1
20260812,94715069,RINGGIT MALAYSIA,LOCAL,NOT ON US,KFC HOLDINGS,CP,4114.3,1
20260805,97963754,RINGGIT MALAYSIA,LOCAL,ON US - NON PRV-MRCHT,PETRONAS DAGANGAN,CP,3779.22,1
20260212,97963754,RINGGIT MALAYSIA,LOCAL,ON US - NON PRV-MRCHT,GRABPAY TOP UP,CP,2669.68,1
20251209,97963754,RINGGIT MALAYSIA,LOCAL,ON US,SHELL MALAYSIA,CP,1470.73,1
20260420,97963754,RINGGIT MALAYSIA,LOCAL,ON US,HARVEY NORMAN-IOI CITY,CP,200.57,1
20260901,97591634,RINGGIT MALAYSIA,LOCAL,ON US - NON PRV-MRCHT,SHOPEE PAY,CP,5224.26,1
20260807,97591634,RINGGIT MALAYSIA,LOCAL,ON US,MR DIY-SUNWAY PYRAMID,CP,5257.46,1
20260821,97591634,RINGGIT MALAYSIA,OVERSEA,ON US,ZALORA MALAYSIA,CP,254.11,1
20260815,97591634,RINGGIT MALAYSIA,OVERSEA,ON US - NON PRV-MRCHT,GUARDIAN HEALTH-KLCC,CP,5432.34,1
20260728,97591634,RINGGIT MALAYSIA,LOCAL,NOT ON US,GIANT HYPERMARKET-SHAH ALAM,CP,15.73,1
20260503,38876693,RINGGIT MALAYSIA,LOCAL,ON US - NON PRV-MRCHT,SHELL MALAYSIA,CP,4949.87,1
20260614,38876693,RINGGIT MALAYSIA,LOCAL,ON US - NON PRV-MRCHT,TESCO STORES (M),CA,890.84,1
20260131,38876693,RINGGIT MALAYSIA,LOCAL,ON US - NON PRV-MRCHT,HARVEY NORMAN-IOI CITY,CA,5156.88,1
20260809,38876693,RINGGIT MALAYSIA,OVERSEA,ON US - NON PRV-MRCHT,MYDIN MOHAMED HOLDINGS,CP,6023.66,1
20260806,38876693,RINGGIT MALAYSIA,LOCAL,NOT ON US,MYDIN MOHAMED HOLDINGS,CA,3271.83,1
20260819,38876693,RINGGIT MALAYSIA,LOCAL,ON US - NON PRV-MRCHT,ZALORA MALAYSIA,CP,3330.42,1
20260324,38876693,RINGGIT MALAYSIA,OVERSEA,ON US,GRABPAY TOP UP,CA,247.75,1
20260505,38876693,RINGGIT MALAYSIA,LOCAL,ON US - NON PRV-MRCHT,ZALORA MALAYSIA,CP,6364.35,1
20260616,38876693,RINGGIT MALAYSIA,LOCAL,ON US,COURTS MAMMOTH,CP,4929.61,1
20260330,38876693,RINGGIT MALAYSIA,LOCAL,ON US,MYDIN MOHAMED HOLDINGS,CP,2364.11,1
20260206,38876693,RINGGIT MALAYSIA,LOCAL,ON US,MR DIY-SUNWAY PYRAMID,CA,2686.57,1
20260615,91644298,RINGGIT MALAYSIA,LOCAL,NOT ON US,PETRONAS DAGANGAN,CP,3938.66,1
20251103,91644298,RINGGIT MALAYSIA,LOCAL,ON US - NON PRV-MRCHT,SENHENG ELECTRIC,CP,4159.64,1
20260315,91644298,RINGGIT MALAYSIA,LOCAL,NOT ON US,SENHENG ELECTRIC,CP,1794.09,1
20251206,91644298,RINGGIT MALAYSIA,LOCAL,NOT ON US,PARKSON GRAND-PAVILION,CP,3294.31,1
20260326,91644298,RINGGIT MALAYSIA,LOCAL,ON US,GRABPAY TOP UP,CP,2591.92,1
20260116,91644298,RINGGIT MALAYSIA,LOCAL,ON US - NON PRV-MRCHT,SHELL MALAYSIA,CP,1129.95,1
20260715,91644298,RINGGIT MALAYSIA,LOCAL,ON US - NON PRV-MRCHT,PARKSON GRAND-PAVILION,CA,2381.27,1
20260811,91644298,RINGGIT MALAYSIA,LOCAL,ON US - NON PRV-MRCHT,MR DIY-SUNWAY PYRAMID,CP,69.57,1
20260106,91644298,RINGGIT MALAYSIA,LOCAL,NOT ON US,ECONSAVE-JOHOR,CP,4530.43,1
20260602,91644298,RINGGIT MALAYSIA,LOCAL,ON US - NON PRV-MRCHT,HARVEY NORMAN-IOI CITY,CP,6814.51,1
20260716,91644298,RINGGIT MALAYSIA,LOCAL,ON US - NON PRV-MRCHT,TESCO STORES (M),CP,5800.42,1
20260121,91644298,RINGGIT MALAYSIA,OVERSEA,ON US - NON PRV-MRCHT,MCDONALD'S MALAYSIA,CP,4515.83,1
20260206,91644298,RINGGIT MALAYSIA,LOCAL,NOT ON US,TESCO STORES (M),CP,2090.69,1
20260414,17105323,RINGGIT MALAYSIA,OVERSEA,ON US - NON PRV-MRCHT,GIANT HYPERMARKET-SHAH ALAM,CP,2618.47,1
20260603,17105323,RINGGIT MALAYSIA,LOCAL,ON US - NON PRV-MRCHT,GUARDIAN HEALTH-KLCC,CA,2859.95,1
20251220,17105323,RINGGIT MALAYSIA,OVERSEA,NOT ON US,ECONSAVE-JOHOR,CP,3519.63,1
20260217,17105323,RINGGIT MALAYSIA,LOCAL,ON US,HARVEY NORMAN-IOI CITY,CP,891.88,1
20260620,17105323,RINGGIT MALAYSIA,LOCAL,ON US,WATSONS PERSONAL CARE,CP,2338.73,1
20251221,17105323,RINGGIT MALAYSIA,OVERSEA,NOT ON US,PARKSON GRAND-PAVILION,CP,3951.32,1
20260124,17105323,RINGGIT MALAYSIA,LOCAL,ON US - NON PRV-MRCHT,HARVEY NORMAN-IOI CITY,CP,1958.49,1
20260827,41720102,RINGGIT MALAYSIA,LOCAL,NOT ON US,MR DIY-SUNWAY PYRAMID,CP,2127.46,1
20260515,41720102,RINGGIT MALAYSIA,LOCAL,NOT ON US,GIANT HYPERMARKET-SHAH ALAM,CP,1858.63,1
20260611,41720102,RINGGIT MALAYSIA,LOCAL,ON US - NON PRV-MRCHT,GRABPAY TOP UP,CA,1280.03,1
20260119,41720102,RINGGIT MALAYSIA,LOCAL,ON US - NON PRV-MRCHT,MCDONALD'S MALAYSIA,CP,687.74,1
20260411,41720102,RINGGIT MALAYSIA,LOCAL,NOT ON US,PARKSON GRAND-PAVILION,CP,4489.49,1
20260829,41720102,RINGGIT MALAYSIA,LOCAL,ON US - NON PRV-MRCHT,GIANT HYPERMARKET-SHAH ALAM,CA,7060.74,1
20260506,41720102,RINGGIT MALAYSIA,LOCAL,ON US,WATSONS PERSONAL CARE,CP,3862.13,1
20260811,66363505,RINGGIT MALAYSIA,OVERSEA,ON US - NON PRV-MRCHT,LOTUS'S STORES-CHERAS,CP,5645.11,1
20260810,66363505,RINGGIT MALAYSIA,LOCAL,ON US,AEON BIG (M) SDN BHD-KEPONG,CA,6200.6,1
20260809,66363505,RINGGIT MALAYSIA,LOCAL,NOT ON US,MR DIY-SUNWAY PYRAMID,CP,1427.49,1
20260602,66363505,RINGGIT MALAYSIA,LOCAL,NOT ON US,GUARDIAN HEALTH-KLCC,CP,2664.55,1
20260804,66363505,RINGGIT MALAYSIA,LOCAL,ON US,ZALORA MALAYSIA,CA,2991.44,1
20260814,66363505,RINGGIT MALAYSIA,LOCAL,ON US - NON PRV-MRCHT,PARKSON GRAND-PAVILION,CP,876.63,1
20260806,66363505,RINGGIT MALAYSIA,LOCAL,ON US - NON PRV-MRCHT,PARKSON GRAND-PAVILION,CP,3255.31,1
20260827,66363505,RINGGIT MALAYSIA,LOCAL,ON US,MYDIN MOHAMED HOLDINGS,CP,3995.65,1
20260518,66363505,RINGGIT MALAYSIA,OVERSEA,ON US,AEON BIG (M) SDN BHD-KEPONG,CP,230.37,1
20260901,66363505,RINGGIT MALAYSIA,LOCAL,NOT ON US,HARVEY NORMAN-IOI CITY,CP,12.32,1
20251031,19229212,RINGGIT MALAYSIA,LOCAL,NOT ON US,SENHENG ELECTRIC,CP,1951.42,1
20260421,19229212,RINGGIT MALAYSIA,OVERSEA,ON US - NON PRV-MRCHT,ECONSAVE-JOHOR,CP,3455.38,1
20260804,19229212,RINGGIT MALAYSIA,OVERSEA,ON US,PETRONAS DAGANGAN,CP,3606.41,1
20260407,19229212,RINGGIT MALAYSIA,LOCAL,NOT ON US,LAZADA MALAYSIA,CP,4330.35,1
20251201,19229212,RINGGIT MALAYSIA,OVERSEA,ON US,PETRONAS DAGANGAN,CA,726.56,1
20251125,19229212,RINGGIT MALAYSIA,LOCAL,ON US - NON PRV-MRCHT,AEON CO (M) BHD-MID VALLEY,CP,1705.46,1
20251014,19229212,RINGGIT MALAYSIA,LOCAL,ON US,GIANT HYPERMARKET-SHAH ALAM,CP,3014.95,1
20251011,19229212,RINGGIT MALAYSIA,LOCAL,NOT ON US,ECONSAVE-JOHOR,CA,4376.93,1
20260128,19229212,RINGGIT MALAYSIA,LOCAL,ON US,ECONSAVE-JOHOR,CP,2404.44,1
20251022,19229212,RINGGIT MALAYSIA,LOCAL,NOT ON US,HARVEY NORMAN-IOI CITY,CA,4137.66,1
20260702,19229212,RINGGIT MALAYSIA,OVERSEA,NOT ON US,WATSONS PERSONAL CARE,CA,3741.69,1
20260520,19229212,RINGGIT MALAYSIA,OVERSEA,ON US - NON PRV-MRCHT,PARKSON GRAND-PAVILION,CA,85.96,1
20251118,50773548,RINGGIT MALAYSIA,LOCAL,ON US,PETRONAS DAGANGAN,CA,5467.46,1
20260121,50773548,RINGGIT MALAYSIA,LOCAL,ON US - NON PRV-MRCHT,AEON BIG (M) SDN BHD-KEPONG,CP,3533.41,1
20260525,50773548,RINGGIT MALAYSIA,OVERSEA,ON US - NON PRV-MRCHT,AEON BIG (M) SDN BHD-KEPONG,CP,5487.95,1
20260307,50773548,RINGGIT MALAYSIA,LOCAL,ON US - NON PRV-MRCHT,LAZADA MALAYSIA,CP,1400.22,1
20260302,50773548,RINGGIT MALAYSIA,LOCAL,ON US - NON PRV-MRCHT,MYDIN MOHAMED HOLDINGS,CP,3933.2,1
20260808,50773548,RINGGIT MALAYSIA,LOCAL,ON US,LOTUS'S STORES-CHERAS,CP,5109.34,1
20251114,50773548,RINGGIT MALAYSIA,LOCAL,ON US,ECONSAVE-JOHOR,CP,6603.82,1
20251226,50773548,RINGGIT MALAYSIA,LOCAL,ON US,PETRONAS DAGANGAN,CP,1085.67,1
20260705,50773548,RINGGIT MALAYSIA,LOCAL,NOT ON US,LAZADA MALAYSIA,CA,928.16,1
20260122,50773548,RINGGIT MALAYSIA,LOCAL,ON US,TESCO STORES (M),CA,6654.66,1
20260823,50773548,RINGGIT MALAYSIA,LOCAL,NOT ON US,MR DIY-SUNWAY PYRAMID,CP,1494.47,1
20260126,50773548,RINGGIT MALAYSIA,LOCAL,ON US,PETRONAS DAGANGAN,CA,5863.08,1
20260706,50773548,RINGGIT MALAYSIA,OVERSEA,ON US,ECONSAVE-JOHOR,CP,1411.73,1
20260821,50773548,RINGGIT MALAYSIA,OVERSEA,NOT ON US,COURTS MAMMOTH,CP,4023.66,1
20251207,50773548,RINGGIT MALAYSIA,LOCAL,ON US,SHOPEE PAY,CP,2910.42,1
20260530,50773548,RINGGIT MALAYSIA,OVERSEA,ON US,GRABPAY TOP UP,CA,4898.34,1
20260628,66497402,RINGGIT MALAYSIA,LOCAL,NOT ON US,AEON BIG (M) SDN BHD-KEPONG,CA,4664.92,1
20260807,66497402,RINGGIT MALAYSIA,LOCAL,NOT ON US,SHOPEE PAY,CP,1109.73,1
20260717,66497402,RINGGIT MALAYSIA,OVERSEA,NOT ON US,TESCO STORES (M),CP,3220.47,1
20260807,66497402,RINGGIT MALAYSIA,LOCAL,ON US - NON PRV-MRCHT,AEON CO (M) BHD-MID VALLEY,CP,2883.63,1
20260809,66497402,RINGGIT MALAYSIA,OVERSEA,NOT ON US,LAZADA MALAYSIA,CP,7438.2,1
20260703,66497402,RINGGIT MALAYSIA,LOCAL,NOT ON US,SENHENG ELECTRIC,CA,1410.31,1
20260818,66497402,RINGGIT MALAYSIA,LOCAL,NOT ON US,SHOPEE PAY,CP,2077.67,1
20260813,23724194,RINGGIT MALAYSIA,LOCAL,ON US,HARVEY NORMAN-IOI CITY,CP,1415.89,1
20260811,23724194,RINGGIT MALAYSIA,LOCAL,NOT ON US,ZALORA MALAYSIA,CP,195.7,1
20260815,23724194,RINGGIT MALAYSIA,LOCAL,ON US - NON PRV-MRCHT,GUARDIAN HEALTH-KLCC,CA,639.08,1
20260901,23724194,RINGGIT MALAYSIA,OVERSEA,ON US - NON PRV-MRCHT,ZALORA MALAYSIA,CP,616.07,1
20260810,23724194,RINGGIT MALAYSIA,LOCAL,ON US - NON PRV-MRCHT,SHOPEE PAY,CP,4055.48,1
20260821,23724194,RINGGIT MALAYSIA,LOCAL,ON US - NON PRV-MRCHT,MR DIY-SUNWAY PYRAMID,CP,3372.18,1
20260829,23724194,RINGGIT MALAYSIA,LOCAL,NOT ON US,AEON CO (M) BHD-MID VALLEY,CP,3459.02,1
20260816,23724194,RINGGIT MALAYSIA,LOCAL,ON US,SENHENG ELECTRIC,CA,1162.18,1
20260813,23724194,RINGGIT MALAYSIA,LOCAL,ON US,SENHENG ELECTRIC,CP,857.83,1
20260821,99508850,RINGGIT MALAYSIA,OVERSEA,ON US - NON PRV-MRCHT,ZALORA MALAYSIA,CP,89.74,1
20260316,99508850,RINGGIT MALAYSIA,LOCAL,NOT ON US,GIANT HYPERMARKET-SHAH ALAM,CA,1486.93,1
20260123,71524281,RINGGIT MALAYSIA,LOCAL,ON US - NON PRV-MRCHT,ZALORA MALAYSIA,CP,5578.16,1
20260730,71524281,RINGGIT MALAYSIA,LOCAL,ON US,SHOPEE PAY,CP,5253.97,1
20260614,71524281,RINGGIT MALAYSIA,LOCAL,NOT ON US,ECONSAVE-JOHOR,CP,771.6,1
20260523,71524281,RINGGIT MALAYSIA,OVERSEA,ON US - NON PRV-MRCHT,MR DIY-SUNWAY PYRAMID,CP,4101.0,1
20260901,71524281,RINGGIT MALAYSIA,LOCAL,NOT ON US,GRABPAY TOP UP,CP,1913.66,1
20260812,71524281,RINGGIT MALAYSIA,LOCAL,ON US,PETRONAS DAGANGAN,CP,1283.77,1
20260710,55470218,RINGGIT MALAYSIA,LOCAL,ON US,GUARDIAN HEALTH-KLCC,CP,1274.08,1
20260820,55470218,RINGGIT MALAYSIA,LOCAL,ON US,SHELL MALAYSIA,CA,1308.36,1
20260825,55470218,RINGGIT MALAYSIA,LOCAL,NOT ON US,HARVEY NORMAN-IOI CITY,CP,1421.14,1
20260701,55470218,RINGGIT MALAYSIA,LOCAL,ON US - NON PRV-MRCHT,GRABPAY TOP UP,CP,1159.16,1
20260813,24561005,RINGGIT MALAYSIA,LOCAL,NOT ON US,LOTUS'S STORES-CHERAS,CP,114.81,1
20260901,24561005,RINGGIT MALAYSIA,LOCAL,NOT ON US,ZALORA MALAYSIA,CP,2966.16,1
20260902,24561005,RINGGIT MALAYSIA,OVERSEA,ON US - NON PRV-MRCHT,KFC HOLDINGS,CP,7069.19,1
20260813,24561005,RINGGIT MALAYSIA,LOCAL,ON US - NON PRV-MRCHT,COURTS MAMMOTH,CP,2467.26,1
20260804,24561005,RINGGIT MALAYSIA,LOCAL,ON US - NON PRV-MRCHT,ZALORA MALAYSIA,CP,4154.55,1
20260816,24561005,RINGGIT MALAYSIA,LOCAL,NOT ON US,SHELL MALAYSIA,CP,4238.52,1
20260807,24561005,RINGGIT MALAYSIA,OVERSEA,ON US,SENHENG ELECTRIC,CP,7361.1,1
20260828,24561005,RINGGIT MALAYSIA,LOCAL,ON US - NON PRV-MRCHT,SENHENG ELECTRIC,CP,3071.66,1
20260818,24561005,RINGGIT MALAYSIA,LOCAL,NOT ON US,HARVEY NORMAN-IOI CITY,CP,3701.94,1
20260816,24561005,RINGGIT MALAYSIA,OVERSEA,ON US,MCDONALD'S MALAYSIA,CA,3371.41,1
20260815,24561005,RINGGIT MALAYSIA,LOCAL,NOT ON US,GIANT HYPERMARKET-SHAH ALAM,CP,1107.1,1
20260810,46093287,RINGGIT MALAYSIA,LOCAL,ON US,AEON BIG (M) SDN BHD-KEPONG,CP,1057.93,1
20260822,46093287,RINGGIT MALAYSIA,LOCAL,NOT ON US,GUARDIAN HEALTH-KLCC,CP,1249.9,1
20260816,46093287,RINGGIT MALAYSIA,LOCAL,NOT ON US,SHOPEE PAY,CP,1796.37,1
20260804,46093287,RINGGIT MALAYSIA,OVERSEA,ON US,MCDONALD'S MALAYSIA,CP,2692.95,1
20260614,17298381,RINGGIT MALAYSIA,OVERSEA,ON US - NON PRV-MRCHT,PARKSON GRAND-PAVILION,CP,3187.05,1
20260807,17298381,RINGGIT MALAYSIA,OVERSEA,ON US,HARVEY NORMAN-IOI CITY,CP,2939.5,1
20260708,17298381,RINGGIT MALAYSIA,LOCAL,NOT ON US,MCDONALD'S MALAYSIA,CA,2153.47,1
20260821,17298381,RINGGIT MALAYSIA,LOCAL,ON US - NON PRV-MRCHT,SENHENG ELECTRIC,CP,2521.76,1
20260803,17298381,RINGGIT MALAYSIA,LOCAL,NOT ON US,COURTS MAMMOTH,CP,6208.21,1
20260826,17298381,RINGGIT MALAYSIA,LOCAL,ON US,LOTUS'S STORES-CHERAS,CP,1545.66,1
20260815,17298381,RINGGIT MALAYSIA,LOCAL,ON US - NON PRV-MRCHT,MCDONALD'S MALAYSIA,CP,5311.78,1
20260406,17298381,RINGGIT MALAYSIA,LOCAL,NOT ON US,SHELL MALAYSIA,CA,2774.18,1
20260315,17298381,RINGGIT MALAYSIA,LOCAL,ON US - NON PRV-MRCHT,MYDIN MOHAMED HOLDINGS,CP,3443.84,1
20260823,17298381,RINGGIT MALAYSIA,OVERSEA,ON US,MYDIN MOHAMED HOLDINGS,CP,5217.94,1
20260816,17298381,RINGGIT MALAYSIA,LOCAL,ON US - NON PRV-MRCHT,HARVEY NORMAN-IOI CITY,CP,4138.19,1
20260619,17298381,RINGGIT MALAYSIA,LOCAL,NOT ON US,MR DIY-SUNWAY PYRAMID,CA,1941.95,1
20260427,17298381,RINGGIT MALAYSIA,LOCAL,ON US - NON PRV-MRCHT,PARKSON GRAND-PAVILION,CP,6544.28,1
20260303,17298381,RINGGIT MALAYSIA,OVERSEA,NOT ON US,SHOPEE PAY,CP,305.02,1
20260509,47101348,RINGGIT MALAYSIA,LOCAL,ON US - NON PRV-MRCHT,SHELL MALAYSIA,CP,2708.04,1
20260713,47101348,RINGGIT MALAYSIA,LOCAL,ON US - NON PRV-MRCHT,WATSONS PERSONAL CARE,CA,4057.38,1
20260530,47101348,RINGGIT MALAYSIA,LOCAL,ON US - NON PRV-MRCHT,SHELL MALAYSIA,CP,5363.39,1
20260812,47101348,RINGGIT MALAYSIA,LOCAL,ON US - NON PRV-MRCHT,LAZADA MALAYSIA,CP,3062.04,1
20260430,47101348,RINGGIT MALAYSIA,LOCAL,ON US,AEON CO (M) BHD-MID VALLEY,CA,159.94,1
20260511,47101348,RINGGIT MALAYSIA,LOCAL,ON US,PETRONAS DAGANGAN,CA,227.08,1
20260716,47101348,RINGGIT MALAYSIA,OVERSEA,ON US,SENHENG ELECTRIC,CP,4270.46,1
20260810,40212304,RINGGIT MALAYSIA,OVERSEA,ON US,COURTS MAMMOTH,CP,5323.91,1
20260831,40212304,RINGGIT MALAYSIA,LOCAL,ON US,ZALORA MALAYSIA,CP,567.45,1
20260702,40212304,RINGGIT MALAYSIA,LOCAL,NOT ON US,ECONSAVE-JOHOR,CP,481.4,1
20260822,40212304,RINGGIT MALAYSIA,LOCAL,NOT ON US,GRABPAY TOP UP,CP,815.42,1
20260816,48668446,RINGGIT MALAYSIA,LOCAL,NOT ON US,AEON BIG (M) SDN BHD-KEPONG,CA,4621.96,1
20260721,48668446,RINGGIT MALAYSIA,LOCAL,ON US,ECONSAVE-JOHOR,CP,4184.01,1
20260819,48668446,RINGGIT MALAYSIA,LOCAL,ON US - NON PRV-MRCHT,MCDONALD'S MALAYSIA,CA,3479.88,1
20260902,48668446,RINGGIT MALAYSIA,OVERSEA,ON US,MR DIY-SUNWAY PYRAMID,CA,128.35,1
20260809,48668446,RINGGIT MALAYSIA,LOCAL,ON US,ECONSAVE-JOHOR,CP,2640.89,1
20260831,48668446,RINGGIT MALAYSIA,LOCAL,NOT ON US,TESCO STORES (M),CP,3116.88,1
20260710,48668446,RINGGIT MALAYSIA,LOCAL,ON US - NON PRV-MRCHT,TESCO STORES (M),CP,3191.4,1
20260813,48668446,RINGGIT MALAYSIA,LOCAL,ON US - NON PRV-MRCHT,GUARDIAN HEALTH-KLCC,CP,3978.29,1
20260510,95380264,RINGGIT MALAYSIA,OVERSEA,ON US - NON PRV-MRCHT,AEON CO (M) BHD-MID VALLEY,CP,2813.7,1
20260326,95380264,RINGGIT MALAYSIA,LOCAL,NOT ON US,ECONSAVE-JOHOR,CP,4715.16,1
20260809,24051169,RINGGIT MALAYSIA,LOCAL,ON US - NON PRV-MRCHT,HARVEY NORMAN-IOI CITY,CP,403.13,1
20260730,24051169,RINGGIT MALAYSIA,LOCAL,NOT ON US,GRABPAY TOP UP,CP,2202.0,1
20260806,57865055,RINGGIT MALAYSIA,OVERSEA,ON US,KFC HOLDINGS,CA,5105.68,1
20260627,57865055,RINGGIT MALAYSIA,OVERSEA,ON US - NON PRV-MRCHT,LOTUS'S STORES-CHERAS,CP,258.73,1
20260816,57865055,RINGGIT MALAYSIA,LOCAL,ON US,GRABPAY TOP UP,CP,3819.64,1
20260819,57865055,RINGGIT MALAYSIA,LOCAL,ON US - NON PRV-MRCHT,ECONSAVE-JOHOR,CA,5168.2,1
20260804,57865055,RINGGIT MALAYSIA,LOCAL,ON US - NON PRV-MRCHT,PARKSON GRAND-PAVILION,CP,4009.58,1
20260811,57865055,RINGGIT MALAYSIA,OVERSEA,ON US,LOTUS'S STORES-CHERAS,CP,4601.33,1
20260521,57865055,RINGGIT MALAYSIA,LOCAL,ON US - NON PRV-MRCHT,COURTS MAMMOTH,CA,3955.87,1
20260605,57865055,RINGGIT MALAYSIA,LOCAL,ON US - NON PRV-MRCHT,GRABPAY TOP UP,CA,2918.34,1
20260820,57865055,RINGGIT MALAYSIA,OVERSEA,NOT ON US,AEON BIG (M) SDN BHD-KEPONG,CP,4661.18,1
20260828,57865055,RINGGIT MALAYSIA,OVERSEA,ON US - NON PRV-MRCHT,MYDIN MOHAMED HOLDINGS,CP,5410.35,1
20260420,57865055,RINGGIT MALAYSIA,LOCAL,NOT ON US,TESCO STORES (M),CA,5345.31,1
20260820,64646168,RINGGIT MALAYSIA,LOCAL,ON US,LOTUS'S STORES-CHERAS,CP,6976.95,1
20260822,64646168,RINGGIT MALAYSIA,LOCAL,ON US,PARKSON GRAND-PAVILION,CP,1908.61,1
20260819,64646168,RINGGIT MALAYSIA,LOCAL,NOT ON US,ZALORA MALAYSIA,CA,127.54,1
20260823,64646168,RINGGIT MALAYSIA,LOCAL,NOT ON US,GIANT HYPERMARKET-SHAH ALAM,CP,6509.75,1
20260901,64646168,RINGGIT MALAYSIA,LOCAL,ON US,MR DIY-SUNWAY PYRAMID,CP,2988.86,1
20260705,64646168,RINGGIT MALAYSIA,LOCAL,ON US - NON PRV-MRCHT,PETRONAS DAGANGAN,CP,100.49,1
20260823,64646168,RINGGIT MALAYSIA,LOCAL,ON US - NON PRV-MRCHT,WATSONS PERSONAL CARE,CP,6875.52,1
20260820,64646168,RINGGIT MALAYSIA,LOCAL,ON US - NON PRV-MRCHT,GRABPAY TOP UP,CP,30.2,1
20260825,64646168,RINGGIT MALAYSIA,LOCAL,NOT ON US,HARVEY NORMAN-IOI CITY,CP,7437.06,1
20260805,64646168,RINGGIT MALAYSIA,OVERSEA,ON US - NON PRV-MRCHT,GRABPAY TOP UP,CP,970.16,1
20260810,74802325,RINGGIT MALAYSIA,LOCAL,ON US,TESCO STORES (M),CP,1401.76,1
20260818,74802325,RINGGIT MALAYSIA,LOCAL,ON US - NON PRV-MRCHT,MYDIN MOHAMED HOLDINGS,CA,648.85,1
20260824,74802325,RINGGIT MALAYSIA,LOCAL,ON US,SENHENG ELECTRIC,CP,3126.36,1
20260816,74802325,RINGGIT MALAYSIA,LOCAL,ON US,SENHENG ELECTRIC,CA,372.63,1
20260625,93305188,RINGGIT MALAYSIA,LOCAL,ON US - NON PRV-MRCHT,AEON CO (M) BHD-MID VALLEY,CP,2135.68,1
20260811,93305188,RINGGIT MALAYSIA,LOCAL,ON US,PETRONAS DAGANGAN,CP,7227.71,1
20260225,93305188,RINGGIT MALAYSIA,OVERSEA,ON US,LAZADA MALAYSIA,CP,4330.13,1
20260330,93305188,RINGGIT MALAYSIA,LOCAL,ON US,LAZADA MALAYSIA,CP,379.27,1
20260316,93305188,RINGGIT MALAYSIA,LOCAL,ON US - NON PRV-MRCHT,GUARDIAN HEALTH-KLCC,CA,3376.29,1
20260830,93305188,RINGGIT MALAYSIA,LOCAL,ON US - NON PRV-MRCHT,GIANT HYPERMARKET-SHAH ALAM,CP,3304.92,1
20260805,93305188,RINGGIT MALAYSIA,LOCAL,NOT ON US,GIANT HYPERMARKET-SHAH ALAM,CP,4664.25,1
20260207,93305188,RINGGIT MALAYSIA,LOCAL,ON US,PARKSON GRAND-PAVILION,CA,2815.93,1
20260116,93305188,RINGGIT MALAYSIA,LOCAL,NOT ON US,AEON BIG (M) SDN BHD-KEPONG,CP,6906.03,1
20260123,93305188,RINGGIT MALAYSIA,OVERSEA,NOT ON US,COURTS MAMMOTH,CP,2563.38,1
20260817,93305188,RINGGIT MALAYSIA,OVERSEA,ON US,TESCO STORES (M),CP,6289.71,1
20260609,93305188,RINGGIT MALAYSIA,LOCAL,NOT ON US,SHOPEE PAY,CP,4653.34,1
20260215,93305188,RINGGIT MALAYSIA,LOCAL,ON US,SHOPEE PAY,CP,4708.73,1
20260715,93305188,RINGGIT MALAYSIA,OVERSEA,ON US - NON PRV-MRCHT,MCDONALD'S MALAYSIA,CP,1630.81,1
20260613,93305188,RINGGIT MALAYSIA,OVERSEA,ON US,TESCO STORES (M),CP,4892.14,1
20260809,93305188,RINGGIT MALAYSIA,OVERSEA,ON US,SENHENG ELECTRIC,CA,3900.31,1
20260809,29750059,RINGGIT MALAYSIA,LOCAL,ON US,LOTUS'S STORES-CHERAS,CA,3358.58,1
20260901,29750059,RINGGIT MALAYSIA,OVERSEA,ON US,AEON CO (M) BHD-MID VALLEY,CP,3520.59,1
20260730,29750059,RINGGIT MALAYSIA,LOCAL,NOT ON US,WATSONS PERSONAL CARE,CP,1422.02,1
20260817,29750059,RINGGIT MALAYSIA,LOCAL,ON US - NON PRV-MRCHT,GRABPAY TOP UP,CA,2585.44,1
20260831,29750059,RINGGIT MALAYSIA,LOCAL,NOT ON US,GIANT HYPERMARKET-SHAH ALAM,CA,1997.12,1
20260815,29750059,RINGGIT MALAYSIA,OVERSEA,ON US - NON PRV-MRCHT,ECONSAVE-JOHOR,CP,2323.77,1
20260828,29750059,RINGGIT MALAYSIA,LOCAL,ON US - NON PRV-MRCHT,MR DIY-SUNWAY PYRAMID,CP,1690.63,1
20260812,29750059,RINGGIT MALAYSIA,LOCAL,ON US,AEON CO (M) BHD-MID VALLEY,CA,354.94,1
20260816,29750059,RINGGIT MALAYSIA,OVERSEA,ON US - NON PRV-MRCHT,LOTUS'S STORES-CHERAS,CA,1158.26,1
20260607,29750059,RINGGIT MALAYSIA,LOCAL,ON US - NON PRV-MRCHT,AEON CO (M) BHD-MID VALLEY,CP,4933.2,1
20260813,29750059,RINGGIT MALAYSIA,LOCAL,ON US,MR DIY-SUNWAY PYRAMID,CP,2189.3,1
20260630,29750059,RINGGIT MALAYSIA,LOCAL,ON US - NON PRV-MRCHT,COURTS MAMMOTH,CP,810.43,1
20260818,29750059,RINGGIT MALAYSIA,LOCAL,ON US,PETRONAS DAGANGAN,CP,5856.57,1
20260310,13414017,RINGGIT MALAYSIA,LOCAL,ON US - NON PRV-MRCHT,SHELL MALAYSIA,CP,3423.91,1
20260329,13414017,RINGGIT MALAYSIA,OVERSEA,ON US,PETRONAS DAGANGAN,CA,3759.07,1
20260130,13414017,RINGGIT MALAYSIA,LOCAL,NOT ON US,LAZADA MALAYSIA,CP,5540.7,1
20260417,13414017,RINGGIT MALAYSIA,LOCAL,NOT ON US,MYDIN MOHAMED HOLDINGS,CA,6995.78,1
20260818,73073898,RINGGIT MALAYSIA,LOCAL,ON US - NON PRV-MRCHT,GIANT HYPERMARKET-SHAH ALAM,CP,4444.74,1
20260820,73073898,RINGGIT MALAYSIA,LOCAL,NOT ON US,ECONSAVE-JOHOR,CP,2125.8,1
20260809,41715154,RINGGIT MALAYSIA,OVERSEA,ON US,WATSONS PERSONAL CARE,CA,2881.04,1
20260902,41715154,RINGGIT MALAYSIA,OVERSEA,NOT ON US,LOTUS'S STORES-CHERAS,CA,2378.88,1
20260509,41715154,RINGGIT MALAYSIA,OVERSEA,ON US - NON PRV-MRCHT,KFC HOLDINGS,CA,3598.29,1
20260828,41715154,RINGGIT MALAYSIA,LOCAL,ON US - NON PRV-MRCHT,TESCO STORES (M),CP,2381.0,1
20260830,41715154,RINGGIT MALAYSIA,LOCAL,ON US - NON PRV-MRCHT,AEON BIG (M) SDN BHD-KEPONG,CA,116.27,1
20260803,41715154,RINGGIT MALAYSIA,LOCAL,ON US,SHELL MALAYSIA,CP,3872.98,1
20260423,41715154,RINGGIT MALAYSIA,OVERSEA,ON US,MCDONALD'S MALAYSIA,CA,1675.13,1
20260310,41715154,RINGGIT MALAYSIA,OVERSEA,NOT ON US,SENHENG ELECTRIC,CA,1843.55,1
20260805,41715154,RINGGIT MALAYSIA,LOCAL,NOT ON US,ECONSAVE-JOHOR,CP,640.11,1
20260821,41715154,RINGGIT MALAYSIA,LOCAL,NOT ON US,MYDIN MOHAMED HOLDINGS,CA,3257.56,1
20260313,41715154,RINGGIT MALAYSIA,OVERSEA,ON US,LOTUS'S STORES-CHERAS,CP,370.71,1
20260829,56739546,RINGGIT MALAYSIA,OVERSEA,ON US,HARVEY NORMAN-IOI CITY,CA,2461.55,1
20260519,56739546,RINGGIT MALAYSIA,OVERSEA,ON US - NON PRV-MRCHT,GIANT HYPERMARKET-SHAH ALAM,CP,46.0,1
20260826,56739546,RINGGIT MALAYSIA,LOCAL,ON US,SENHENG ELECTRIC,CA,3248.51,1
20260816,56739546,RINGGIT MALAYSIA,OVERSEA,ON US,LAZADA MALAYSIA,CA,3204.2,1
20260830,56739546,RINGGIT MALAYSIA,LOCAL,NOT ON US,HARVEY NORMAN-IOI CITY,CP,3270.79,1
20260823,56739546,RINGGIT MALAYSIA,LOCAL,ON US - NON PRV-MRCHT,TESCO STORES (M),CP,2563.83,1
20260305,56739546,RINGGIT MALAYSIA,LOCAL,NOT ON US,ECONSAVE-JOHOR,CA,389.46,1
20260812,60185867,RINGGIT MALAYSIA,LOCAL,NOT ON US,LAZADA MALAYSIA,CA,3283.78,1
20260825,60185867,RINGGIT MALAYSIA,LOCAL,ON US - NON PRV-MRCHT,AEON CO (M) BHD-MID VALLEY,CP,1772.12,1
20260819,60185867,RINGGIT MALAYSIA,LOCAL,NOT ON US,SHOPEE PAY,CP,3142.08,1
20260831,60185867,RINGGIT MALAYSIA,LOCAL,ON US - NON PRV-MRCHT,MCDONALD'S MALAYSIA,CP,1770.58,1
20260825,60185867,RINGGIT MALAYSIA,LOCAL,NOT ON US,GUARDIAN HEALTH-KLCC,CP,1613.89,1
20260827,60185867,RINGGIT MALAYSIA,OVERSEA,NOT ON US,AEON BIG (M) SDN BHD-KEPONG,CA,2116.22,1
20260806,60185867,RINGGIT MALAYSIA,LOCAL,ON US,TESCO STORES (M),CP,2780.22,1
20260813,60185867,RINGGIT MALAYSIA,OVERSEA,ON US,HARVEY NORMAN-IOI CITY,CP,824.28,1
20260823,60185867,RINGGIT MALAYSIA,LOCAL,ON US,AEON BIG (M) SDN BHD-KEPONG,CP,1656.99,1
20260811,99064042,RINGGIT MALAYSIA,OVERSEA,ON US - NON PRV-MRCHT,AEON BIG (M) SDN BHD-KEPONG,CP,1494.03,1
20260902,99064042,RINGGIT MALAYSIA,LOCAL,ON US - NON PRV-MRCHT,GRABPAY TOP UP,CP,5496.73,1
20260825,99064042,RINGGIT MALAYSIA,LOCAL,ON US - NON PRV-MRCHT,AEON BIG (M) SDN BHD-KEPONG,CP,4641.08,1
20260819,99064042,RINGGIT MALAYSIA,LOCAL,NOT ON US,SHELL MALAYSIA,CA,6331.82,1
20260822,99064042,RINGGIT MALAYSIA,LOCAL,NOT ON US,MYDIN MOHAMED HOLDINGS,CP,2589.62,1
20260827,99064042,RINGGIT MALAYSIA,LOCAL,ON US - NON PRV-MRCHT,GRABPAY TOP UP,CP,1703.28,1
20260829,99064042,RINGGIT MALAYSIA,OVERSEA,ON US - NON PRV-MRCHT,TESCO STORES (M),CP,2139.68,1
20251106,59987316,RINGGIT MALAYSIA,LOCAL,ON US,MYDIN MOHAMED HOLDINGS,CP,4507.84,1
20260423,59987316,RINGGIT MALAYSIA,LOCAL,ON US,TESCO STORES (M),CP,676.61,1
20260829,59987316,RINGGIT MALAYSIA,LOCAL,NOT ON US,SHELL MALAYSIA,CP,1885.82,1
20260831,65180948,RINGGIT MALAYSIA,LOCAL,ON US,WATSONS PERSONAL CARE,CA,3011.39,1
20260820,65180948,RINGGIT MALAYSIA,OVERSEA,ON US,HARVEY NORMAN-IOI CITY,CA,1486.18,1
20260810,65180948,RINGGIT MALAYSIA,LOCAL,NOT ON US,ECONSAVE-JOHOR,CP,2527.88,1
20260825,65180948,RINGGIT MALAYSIA,LOCAL,ON US,GIANT HYPERMARKET-SHAH ALAM,CA,5550.45,1
20260714,65180948,RINGGIT MALAYSIA,LOCAL,ON US - NON PRV-MRCHT,SHELL MALAYSIA,CA,1249.93,1
20260823,65180948,RINGGIT MALAYSIA,LOCAL,ON US,KFC HOLDINGS,CP,5102.47,1
20260829,65180948,RINGGIT MALAYSIA,OVERSEA,ON US - NON PRV-MRCHT,GIANT HYPERMARKET-SHAH ALAM,CP,5876.12,1
20260803,65180948,RINGGIT MALAYSIA,LOCAL,ON US,ZALORA MALAYSIA,CA,2342.25,1
20260812,65180948,RINGGIT MALAYSIA,OVERSEA,NOT ON US,COURTS MAMMOTH,CP,2635.32,1
20260819,65180948,RINGGIT MALAYSIA,LOCAL,NOT ON US,GIANT HYPERMARKET-SHAH ALAM,CP,3447.96,1
20260902,65180948,RINGGIT MALAYSIA,LOCAL,NOT ON US,ECONSAVE-JOHOR,CP,1496.59,1
20260821,65180948,RINGGIT MALAYSIA,OVERSEA,ON US,SHOPEE PAY,CP,2423.09,1
20260810,65180948,RINGGIT MALAYSIA,LOCAL,NOT ON US,MCDONALD'S MALAYSIA,CP,4036.44,1
20260818,65180948,RINGGIT MALAYSIA,LOCAL,ON US - NON PRV-MRCHT,MYDIN MOHAMED HOLDINGS,CP,1819.25,1
20260504,44323784,RINGGIT MALAYSIA,OVERSEA,NOT ON US,SHOPEE PAY,CP,2430.12,1
20260828,44323784,RINGGIT MALAYSIA,LOCAL,ON US - NON PRV-MRCHT,AEON CO (M) BHD-MID VALLEY,CA,4137.0,1
20260614,44323784,RINGGIT MALAYSIA,LOCAL,ON US,SHOPEE PAY,CP,2696.82,1
20260430,44323784,RINGGIT MALAYSIA,OVERSEA,ON US,MR DIY-SUNWAY PYRAMID,CP,4253.72,1
20260811,44323784,RINGGIT MALAYSIA,LOCAL,ON US - NON PRV-MRCHT,GUARDIAN HEALTH-KLCC,CP,3970.96,1
20260513,44323784,RINGGIT MALAYSIA,LOCAL,ON US,PARKSON GRAND-PAVILION,CP,3865.41,1
20260807,35578773,RINGGIT MALAYSIA,LOCAL,ON US,AEON CO (M) BHD-MID VALLEY,CP,3243.43,1
20260808,35578773,RINGGIT MALAYSIA,LOCAL,NOT ON US,AEON BIG (M) SDN BHD-KEPONG,CP,4224.01,1
20260804,35578773,RINGGIT MALAYSIA,LOCAL,ON US,PETRONAS DAGANGAN,CP,5470.64,1
20260818,35578773,RINGGIT MALAYSIA,OVERSEA,NOT ON US,TESCO STORES (M),CA,7418.79,1
20260826,35578773,RINGGIT MALAYSIA,OVERSEA,ON US - NON PRV-MRCHT,PARKSON GRAND-PAVILION,CP,2776.5,1
20260811,35578773,RINGGIT MALAYSIA,LOCAL,ON US,COURTS MAMMOTH,CP,4663.89,1
20260901,35578773,RINGGIT MALAYSIA,LOCAL,ON US - NON PRV-MRCHT,LOTUS'S STORES-CHERAS,CA,7714.11,1
20260822,35578773,RINGGIT MALAYSIA,OVERSEA,NOT ON US,PARKSON GRAND-PAVILION,CP,3955.75,1
20260831,35578773,RINGGIT MALAYSIA,LOCAL,NOT ON US,SHELL MALAYSIA,CP,7200.29,1
20260809,35578773,RINGGIT MALAYSIA,LOCAL,ON US - NON PRV-MRCHT,KFC HOLDINGS,CP,3573.83,1
20260810,35578773,RINGGIT MALAYSIA,LOCAL,ON US - NON PRV-MRCHT,LOTUS'S STORES-CHERAS,CP,6831.46,1
20260809,35578773,RINGGIT MALAYSIA,OVERSEA,ON US,ECONSAVE-JOHOR,CP,6012.38,1
20260820,35578773,RINGGIT MALAYSIA,LOCAL,NOT ON US,GIANT HYPERMARKET-SHAH ALAM,CP,4161.64,1
20260814,35578773,RINGGIT MALAYSIA,LOCAL,NOT ON US,LAZADA MALAYSIA,CP,4926.78,1
20260901,52209421,RINGGIT MALAYSIA,LOCAL,ON US,AEON BIG (M) SDN BHD-KEPONG,CP,6266.45,1
20260326,52209421,RINGGIT MALAYSIA,LOCAL,ON US - NON PRV-MRCHT,TESCO STORES (M),CP,4848.29,1
20260803,52209421,RINGGIT MALAYSIA,LOCAL,ON US,AEON BIG (M) SDN BHD-KEPONG,CP,435.42,1
20260812,52209421,RINGGIT MALAYSIA,LOCAL,ON US - NON PRV-MRCHT,ZALORA MALAYSIA,CP,6847.28,1
20260901,52209421,RINGGIT MALAYSIA,LOCAL,ON US,SENHENG ELECTRIC,CP,7463.41,1
20260701,52209421,RINGGIT MALAYSIA,LOCAL,ON US,PETRONAS DAGANGAN,CP,6248.69,1
20260423,52209421,RINGGIT MALAYSIA,LOCAL,NOT ON US,AEON BIG (M) SDN BHD-KEPONG,CP,565.24,1
20260827,52209421,RINGGIT MALAYSIA,LOCAL,NOT ON US,GUARDIAN HEALTH-KLCC,CP,6826.82,1
20260806,52209421,RINGGIT MALAYSIA,LOCAL,NOT ON US,SHELL MALAYSIA,CP,2987.32,1
20260808,52209421,RINGGIT MALAYSIA,LOCAL,ON US,AEON CO (M) BHD-MID VALLEY,CP,59.3,1
20260716,52209421,RINGGIT MALAYSIA,LOCAL,ON US,AEON CO (M) BHD-MID VALLEY,CP,6655.78,1
20260809,52209421,RINGGIT MALAYSIA,LOCAL,ON US - NON PRV-MRCHT,AEON BIG (M) SDN BHD-KEPONG,CP,2809.63,1
20260828,52209421,RINGGIT MALAYSIA,LOCAL,ON US - NON PRV-MRCHT,COURTS MAMMOTH,CP,3674.24,1
20251113,86273803,RINGGIT MALAYSIA,LOCAL,ON US - NON PRV-MRCHT,MYDIN MOHAMED HOLDINGS,CP,1257.39,1
20260320,86273803,RINGGIT MALAYSIA,LOCAL,ON US,PARKSON GRAND-PAVILION,CP,2209.29,1
20260228,51460853,RINGGIT MALAYSIA,OVERSEA,NOT ON US,KFC HOLDINGS,CA,2486.47,1
20260804,51460853,RINGGIT MALAYSIA,LOCAL,NOT ON US,ZALORA MALAYSIA,CP,727.61,1
20251204,51460853,RINGGIT MALAYSIA,LOCAL,ON US - NON PRV-MRCHT,SHOPEE PAY,CP,1517.02,1
20260505,51460853,RINGGIT MALAYSIA,LOCAL,ON US,SENHENG ELECTRIC,CP,3569.78,1
20260902,91041439,RINGGIT MALAYSIA,LOCAL,NOT ON US,GUARDIAN HEALTH-KLCC,CP,630.07,1
20260727,91041439,RINGGIT MALAYSIA,OVERSEA,NOT ON US,TESCO STORES (M),CP,5575.86,1
20260727,58255231,RINGGIT MALAYSIA,OVERSEA,ON US - NON PRV-MRCHT,PARKSON GRAND-PAVILION,CP,1638.17,1
20260829,58255231,RINGGIT MALAYSIA,LOCAL,ON US,MR DIY-SUNWAY PYRAMID,CP,5638.86,1
20260806,58255231,RINGGIT MALAYSIA,OVERSEA,NOT ON US,WATSONS PERSONAL CARE,CP,3821.83,1
20260811,58255231,RINGGIT MALAYSIA,LOCAL,ON US,ZALORA MALAYSIA,CP,4957.2,1
20260812,58255231,RINGGIT MALAYSIA,LOCAL,ON US - NON PRV-MRCHT,AEON CO (M) BHD-MID VALLEY,CP,6346.7,1
20260821,33827142,RINGGIT MALAYSIA,LOCAL,NOT ON US,COURTS MAMMOTH,CP,4818.56,1
20260103,33827142,RINGGIT MALAYSIA,LOCAL,ON US,GUARDIAN HEALTH-KLCC,CP,2995.06,1
20260806,33827142,RINGGIT MALAYSIA,OVERSEA,ON US - NON PRV-MRCHT,GIANT HYPERMARKET-SHAH ALAM,CP,6790.94,1
20260805,33827142,RINGGIT MALAYSIA,OVERSEA,NOT ON US,MCDONALD'S MALAYSIA,CP,2673.83,1
20260609,33827142,RINGGIT MALAYSIA,LOCAL,ON US - NON PRV-MRCHT,GIANT HYPERMARKET-SHAH ALAM,CP,4935.44,1
20260201,33827142,RINGGIT MALAYSIA,LOCAL,ON US,ECONSAVE-JOHOR,CA,1645.94,1
20260810,33827142,RINGGIT MALAYSIA,LOCAL,ON US - NON PRV-MRCHT,MYDIN MOHAMED HOLDINGS,CP,5427.61,1
20260805,33827142,RINGGIT MALAYSIA,OVERSEA,ON US - NON PRV-MRCHT,AEON CO (M) BHD-MID VALLEY,CP,1935.31,1
20260222,33827142,RINGGIT MALAYSIA,LOCAL,NOT ON US,MR DIY-SUNWAY PYRAMID,CA,2369.95,1
20260428,33827142,RINGGIT MALAYSIA,LOCAL,ON US,WATSONS PERSONAL CARE,CP,461.61,1
20260902,62570183,RINGGIT MALAYSIA,LOCAL,ON US - NON PRV-MRCHT,GUARDIAN HEALTH-KLCC,CP,396.5,1
20260812,62570183,RINGGIT MALAYSIA,OVERSEA,ON US,WATSONS PERSONAL CARE,CP,7136.81,1
20260828,62570183,RINGGIT MALAYSIA,OVERSEA,ON US,PARKSON GRAND-PAVILION,CP,765.11,1
20260803,62570183,RINGGIT MALAYSIA,LOCAL,ON US,LAZADA MALAYSIA,CP,5866.99,1
20260809,62570183,RINGGIT MALAYSIA,LOCAL,ON US,WATSONS PERSONAL CARE,CP,4436.55,1
20260809,62570183,RINGGIT MALAYSIA,LOCAL,ON US - NON PRV-MRCHT,PARKSON GRAND-PAVILION,CP,269.19,1
20260805,62570183,RINGGIT MALAYSIA,LOCAL,ON US - NON PRV-MRCHT,GIANT HYPERMARKET-SHAH ALAM,CA,2366.92,1
20260818,62570183,RINGGIT MALAYSIA,LOCAL,ON US,MCDONALD'S MALAYSIA,CP,4339.77,1
20260812,62570183,RINGGIT MALAYSIA,LOCAL,ON US,PETRONAS DAGANGAN,CA,6375.77,1
20260804,62570183,RINGGIT MALAYSIA,OVERSEA,NOT ON US,GUARDIAN HEALTH-KLCC,CP,283.26,1
20260803,62570183,RINGGIT MALAYSIA,LOCAL,ON US - NON PRV-MRCHT,AEON BIG (M) SDN BHD-KEPONG,CA,2938.14,1
20260525,61655958,RINGGIT MALAYSIA,LOCAL,NOT ON US,HARVEY NORMAN-IOI CITY,CP,1835.7,1
20260602,61655958,RINGGIT MALAYSIA,LOCAL,NOT ON US,GRABPAY TOP UP,CP,3224.26,1
20260816,61655958,RINGGIT MALAYSIA,LOCAL,ON US - NON PRV-MRCHT,GIANT HYPERMARKET-SHAH ALAM,CP,5091.87,1
20260430,61655958,RINGGIT MALAYSIA,LOCAL,NOT ON US,LOTUS'S STORES-CHERAS,CP,2014.94,1
20260327,61655958,RINGGIT MALAYSIA,OVERSEA,ON US,ZALORA MALAYSIA,CP,53.46,1
20260810,61655958,RINGGIT MALAYSIA,OVERSEA,ON US - NON PRV-MRCHT,AEON BIG (M) SDN BHD-KEPONG,CP,222.42,1
20260805,61655958,RINGGIT MALAYSIA,LOCAL,ON US - NON PRV-MRCHT,HARVEY NORMAN-IOI CITY,CP,5870.1,1
20260619,61655958,RINGGIT MALAYSIA,OVERSEA,NOT ON US,MCDONALD'S MALAYSIA,CA,2180.34,1
20251223,15081624,RINGGIT MALAYSIA,LOCAL,ON US - NON PRV-MRCHT,ZALORA MALAYSIA,CP,1993.53,1
20260615,15081624,RINGGIT MALAYSIA,LOCAL,ON US - NON PRV-MRCHT,SHOPEE PAY,CP,602.73,1
20260625,15081624,RINGGIT MALAYSIA,LOCAL,NOT ON US,TESCO STORES (M),CA,726.01,1
20260731,15081624,RINGGIT MALAYSIA,LOCAL,NOT ON US,LOTUS'S STORES-CHERAS,CP,141.21,1
20260825,15081624,RINGGIT MALAYSIA,OVERSEA,NOT ON US,MR DIY-SUNWAY PYRAMID,CP,5314.8,1
20260805,15081624,RINGGIT MALAYSIA,LOCAL,ON US,LAZADA MALAYSIA,CP,3570.58,1
20260701,15081624,RINGGIT MALAYSIA,OVERSEA,NOT ON US,HARVEY NORMAN-IOI CITY,CP,4718.78,1
20260730,15081624,RINGGIT MALAYSIA,OVERSEA,ON US - NON PRV-MRCHT,MYDIN MOHAMED HOLDINGS,CA,4920.17,1
20260515,15081624,RINGGIT MALAYSIA,LOCAL,NOT ON US,GIANT HYPERMARKET-SHAH ALAM,CA,1452.97,1
20260803,15081624,RINGGIT MALAYSIA,OVERSEA,NOT ON US,TESCO STORES (M),CP,1125.6,1
20260813,15081624,RINGGIT MALAYSIA,LOCAL,NOT ON US,TESCO STORES (M),CP,5369.61,1
20260902,15081624,RINGGIT MALAYSIA,LOCAL,ON US,SENHENG ELECTRIC,CA,567.44,1
20260213,15081624,RINGGIT MALAYSIA,OVERSEA,NOT ON US,SHELL MALAYSIA,CP,2562.69,1
20260809,15081624,RINGGIT MALAYSIA,LOCAL,ON US,PARKSON GRAND-PAVILION,CP,2363.07,1
20260811,43792654,RINGGIT MALAYSIA,LOCAL,ON US,TESCO STORES (M),CP,2549.05,1
20260818,43792654,RINGGIT MALAYSIA,LOCAL,ON US,SENHENG ELECTRIC,CP,3929.97,1
20260828,43792654,RINGGIT MALAYSIA,LOCAL,NOT ON US,AEON CO (M) BHD-MID VALLEY,CP,5652.74,1
20260811,43792654,RINGGIT MALAYSIA,LOCAL,ON US,AEON BIG (M) SDN BHD-KEPONG,CP,1850.16,1
20260821,43792654,RINGGIT MALAYSIA,LOCAL,NOT ON US,LOTUS'S STORES-CHERAS,CP,918.41,1
20260822,43792654,RINGGIT MALAYSIA,OVERSEA,ON US,MR DIY-SUNWAY PYRAMID,CP,981.16,1
20260813,96574438,RINGGIT MALAYSIA,LOCAL,ON US - NON PRV-MRCHT,ECONSAVE-JOHOR,CP,4036.05,1
20260815,96574438,RINGGIT MALAYSIA,OVERSEA,ON US - NON PRV-MRCHT,MCDONALD'S MALAYSIA,CP,7212.72,1
20260804,96574438,RINGGIT MALAYSIA,OVERSEA,ON US - NON PRV-MRCHT,PETRONAS DAGANGAN,CA,4782.2,1
20260803,96574438,RINGGIT MALAYSIA,OVERSEA,ON US - NON PRV-MRCHT,HARVEY NORMAN-IOI CITY,CP,5824.24,1
20260803,96574438,RINGGIT MALAYSIA,LOCAL,ON US,LOTUS'S STORES-CHERAS,CP,3966.74,1
20260710,96574438,RINGGIT MALAYSIA,LOCAL,ON US - NON PRV-MRCHT,SENHENG ELECTRIC,CP,703.64,1
20260820,96574438,RINGGIT MALAYSIA,OVERSEA,ON US,PARKSON GRAND-PAVILION,CP,2250.79,1
20260828,96574438,RINGGIT MALAYSIA,LOCAL,ON US,SHOPEE PAY,CA,3981.31,1
20260808,96574438,RINGGIT MALAYSIA,OVERSEA,ON US,HARVEY NORMAN-IOI CITY,CP,1931.95,1
20260902,96574438,RINGGIT MALAYSIA,LOCAL,NOT ON US,AEON BIG (M) SDN BHD-KEPONG,CP,1563.95,1
20260817,96574438,RINGGIT MALAYSIA,LOCAL,ON US - NON PRV-MRCHT,KFC HOLDINGS,CA,2202.87,1
20260829,96574438,RINGGIT MALAYSIA,OVERSEA,NOT ON US,COURTS MAMMOTH,CP,3878.83,1
20260809,96574438,RINGGIT MALAYSIA,OVERSEA,NOT ON US,SHELL MALAYSIA,CA,2740.62,1
20260709,96574438,RINGGIT MALAYSIA,LOCAL,ON US,COURTS MAMMOTH,CA,4862.2,1
20260625,96574438,RINGGIT MALAYSIA,LOCAL,ON US,MYDIN MOHAMED HOLDINGS,CP,4839.86,1
20260804,96574438,RINGGIT MALAYSIA,OVERSEA,ON US - NON PRV-MRCHT,ECONSAVE-JOHOR,CP,3729.5,1
20260819,96574438,RINGGIT MALAYSIA,OVERSEA,ON US - NON PRV-MRCHT,MCDONALD'S MALAYSIA,CP,2004.45,1
20260823,44184054,RINGGIT MALAYSIA,LOCAL,ON US - NON PRV-MRCHT,AEON CO (M) BHD-MID VALLEY,CP,2832.41,1
20260124,44184054,RINGGIT MALAYSIA,LOCAL,ON US - NON PRV-MRCHT,ECONSAVE-JOHOR,CP,3256.5,1
20260221,44184054,RINGGIT MALAYSIA,LOCAL,ON US - NON PRV-MRCHT,HARVEY NORMAN-IOI CITY,CP,2734.46,1
20260211,44184054,RINGGIT MALAYSIA,LOCAL,ON US,HARVEY NORMAN-IOI CITY,CP,1658.36,1
20260815,44184054,RINGGIT MALAYSIA,LOCAL,NOT ON US,ZALORA MALAYSIA,CP,2060.63,1
20260127,44184054,RINGGIT MALAYSIA,LOCAL,ON US,MYDIN MOHAMED HOLDINGS,CA,1252.93,1
20260801,57814619,RINGGIT MALAYSIA,LOCAL,ON US - NON PRV-MRCHT,SENHENG ELECTRIC,CA,6818.3,1
20260715,57814619,RINGGIT MALAYSIA,LOCAL,ON US,TESCO STORES (M),CP,1598.29,1
20260221,57814619,RINGGIT MALAYSIA,LOCAL,ON US,MCDONALD'S MALAYSIA,CP,7354.57,1
20260827,57814619,RINGGIT MALAYSIA,LOCAL,NOT ON US,AEON BIG (M) SDN BHD-KEPONG,CA,886.29,1
20260817,57814619,RINGGIT MALAYSIA,OVERSEA,ON US,AEON BIG (M) SDN BHD-KEPONG,CA,2605.1,1
20260813,57814619,RINGGIT MALAYSIA,LOCAL,ON US,AEON CO (M) BHD-MID VALLEY,CP,5167.71,1
20260822,57814619,RINGGIT MALAYSIA,LOCAL,ON US,SHELL MALAYSIA,CP,917.8,1
20260629,57814619,RINGGIT MALAYSIA,OVERSEA,ON US - NON PRV-MRCHT,GIANT HYPERMARKET-SHAH ALAM,CA,2815.33,1
20260901,57814619,RINGGIT MALAYSIA,LOCAL,ON US,GIANT HYPERMARKET-SHAH ALAM,CP,4141.76,1
20260819,57814619,RINGGIT MALAYSIA,LOCAL,ON US,SHOPEE PAY,CP,4099.61,1
20260807,57814619,RINGGIT MALAYSIA,LOCAL,ON US,MCDONALD'S MALAYSIA,CP,5678.74,1
20260823,57814619,RINGGIT MALAYSIA,OVERSEA,NOT ON US,COURTS MAMMOTH,CP,5494.46,1
20260319,57814619,RINGGIT MALAYSIA,LOCAL,ON US - NON PRV-MRCHT,SENHENG ELECTRIC,CP,2299.55,1
20260831,57814619,RINGGIT MALAYSIA,LOCAL,ON US - NON PRV-MRCHT,SHOPEE PAY,CP,332.97,1
20260811,91979982,RINGGIT MALAYSIA,LOCAL,NOT ON US,SENHENG ELECTRIC,CP,6029.7,1
20260830,91979982,RINGGIT MALAYSIA,OVERSEA,ON US - NON PRV-MRCHT,GIANT HYPERMARKET-SHAH ALAM,CP,4662.46,1
20260825,91979982,RINGGIT MALAYSIA,LOCAL,ON US,SHELL MALAYSIA,CP,4595.1,1
20260823,91979982,RINGGIT MALAYSIA,LOCAL,ON US,GRABPAY TOP UP,CP,459.85,1
20260821,91979982,RINGGIT MALAYSIA,LOCAL,NOT ON US,SHOPEE PAY,CP,5094.11,1
20260806,91979982,RINGGIT MALAYSIA,LOCAL,NOT ON US,SHELL MALAYSIA,CP,6262.47,1
20260830,91979982,RINGGIT MALAYSIA,LOCAL,NOT ON US,LOTUS'S STORES-CHERAS,CA,1027.93,1
20260803,91979982,RINGGIT MALAYSIA,LOCAL,NOT ON US,WATSONS PERSONAL CARE,CA,7460.37,1
20260815,91979982,RINGGIT MALAYSIA,OVERSEA,ON US,SHELL MALAYSIA,CA,5008.34,1
20260810,91979982,RINGGIT MALAYSIA,OVERSEA,NOT ON US,ECONSAVE-JOHOR,CP,6566.57,1
20260824,91979982,RINGGIT MALAYSIA,LOCAL,NOT ON US,PARKSON GRAND-PAVILION,CA,7235.47,1
20260805,91979982,RINGGIT MALAYSIA,LOCAL,ON US - NON PRV-MRCHT,TESCO STORES (M),CP,1871.5,1
20260815,91979982,RINGGIT MALAYSIA,LOCAL,ON US,COURTS MAMMOTH,CP,2063.64,1
20260813,91979982,RINGGIT MALAYSIA,LOCAL,ON US,ZALORA MALAYSIA,CP,589.22,1
20260816,80889684,RINGGIT MALAYSIA,LOCAL,ON US - NON PRV-MRCHT,MYDIN MOHAMED HOLDINGS,CP,42.33,1
20260826,80889684,RINGGIT MALAYSIA,LOCAL,ON US,MYDIN MOHAMED HOLDINGS,CP,4016.69,1
20260816,80889684,RINGGIT MALAYSIA,LOCAL,NOT ON US,LOTUS'S STORES-CHERAS,CA,2695.99,1
20260722,80889684,RINGGIT MALAYSIA,LOCAL,ON US - NON PRV-MRCHT,TESCO STORES (M),CP,4485.51,1
20260605,31450764,RINGGIT MALAYSIA,LOCAL,NOT ON US,MYDIN MOHAMED HOLDINGS,CP,1083.85,1
20260826,31450764,RINGGIT MALAYSIA,LOCAL,ON US,LAZADA MALAYSIA,CP,4565.98,1
20260813,31450764,RINGGIT MALAYSIA,OVERSEA,ON US - NON PRV-MRCHT,SENHENG ELECTRIC,CP,2674.57,1
20260830,31450764,RINGGIT MALAYSIA,LOCAL,ON US - NON PRV-MRCHT,SHOPEE PAY,CP,791.27,1
20260803,31450764,RINGGIT MALAYSIA,LOCAL,ON US,ZALORA MALAYSIA,CP,7174.39,1
20260624,31450764,RINGGIT MALAYSIA,LOCAL,NOT ON US,HARVEY NORMAN-IOI CITY,CP,5187.58,1
20260711,31450764,RINGGIT MALAYSIA,OVERSEA,NOT ON US,TESCO STORES (M),CP,4518.15,1
20260405,31450764,RINGGIT MALAYSIA,LOCAL,NOT ON US,LAZADA MALAYSIA,CA,6680.15,1
20260902,31450764,RINGGIT MALAYSIA,LOCAL,ON US,ZALORA MALAYSIA,CP,2407.71,1
20260805,31450764,RINGGIT MALAYSIA,LOCAL,ON US - NON PRV-MRCHT,ZALORA MALAYSIA,CP,2204.38,1
20260811,31450764,RINGGIT MALAYSIA,LOCAL,ON US,GUARDIAN HEALTH-KLCC,CP,1901.31,1
20260823,31450764,RINGGIT MALAYSIA,LOCAL,NOT ON US,AEON BIG (M) SDN BHD-KEPONG,CA,1126.24,1
20260822,31450764,RINGGIT MALAYSIA,LOCAL,NOT ON US,MR DIY-SUNWAY PYRAMID,CP,5048.46,1
20260618,31450764,RINGGIT MALAYSIA,LOCAL,ON US - NON PRV-MRCHT,HARVEY NORMAN-IOI CITY,CA,7278.49,1
20260829,13852508,RINGGIT MALAYSIA,LOCAL,ON US - NON PRV-MRCHT,ZALORA MALAYSIA,CP,3957.43,1
20260823,13852508,RINGGIT MALAYSIA,LOCAL,ON US,MCDONALD'S MALAYSIA,CP,289.35,1
20260820,13852508,RINGGIT MALAYSIA,LOCAL,ON US - NON PRV-MRCHT,GUARDIAN HEALTH-KLCC,CA,3866.75,1
20260810,13852508,RINGGIT MALAYSIA,LOCAL,ON US,SHELL MALAYSIA,CP,1618.87,1
20260811,13852508,RINGGIT MALAYSIA,LOCAL,ON US,MR DIY-SUNWAY PYRAMID,CA,1114.82,1
20260827,13852508,RINGGIT MALAYSIA,OVERSEA,ON US,SENHENG ELECTRIC,CP,1007.97,1
20260825,13852508,RINGGIT MALAYSIA,LOCAL,NOT ON US,LAZADA MALAYSIA,CA,4693.15,1
20260805,13852508,RINGGIT MALAYSIA,LOCAL,NOT ON US,COURTS MAMMOTH,CP,974.29,1
20260827,13852508,RINGGIT MALAYSIA,OVERSEA,ON US,PETRONAS DAGANGAN,CP,2215.2,1
20260829,13852508,RINGGIT MALAYSIA,LOCAL,ON US - NON PRV-MRCHT,ZALORA MALAYSIA,CP,3518.03,1
20260811,43562313,RINGGIT MALAYSIA,OVERSEA,ON US,ZALORA MALAYSIA,CP,5448.57,1
20260820,43562313,RINGGIT MALAYSIA,LOCAL,ON US,ZALORA MALAYSIA,CP,3401.03,1
20260611,43562313,RINGGIT MALAYSIA,LOCAL,ON US,SHOPEE PAY,CP,4985.97,1
20260816,43562313,RINGGIT MALAYSIA,LOCAL,NOT ON US,ECONSAVE-JOHOR,CP,4834.27,1
20260826,43562313,RINGGIT MALAYSIA,OVERSEA,ON US,ZALORA MALAYSIA,CP,4350.33,1
20260828,43562313,RINGGIT MALAYSIA,LOCAL,ON US,MR DIY-SUNWAY PYRAMID,CP,6262.32,1
20260809,43562313,RINGGIT MALAYSIA,LOCAL,ON US,GIANT HYPERMARKET-SHAH ALAM,CA,4858.94,1
20260508,43562313,RINGGIT MALAYSIA,OVERSEA,ON US,ECONSAVE-JOHOR,CP,4129.63,1
20260812,43562313,RINGGIT MALAYSIA,LOCAL,ON US,MR DIY-SUNWAY PYRAMID,CA,3934.25,1
20260830,43562313,RINGGIT MALAYSIA,LOCAL,ON US - NON PRV-MRCHT,MR DIY-SUNWAY PYRAMID,CP,1656.33,1
20260710,43562313,RINGGIT MALAYSIA,LOCAL,ON US,SHELL MALAYSIA,CP,2361.69,1
20260825,43562313,RINGGIT MALAYSIA,LOCAL,NOT ON US,TESCO STORES (M),CP,4316.83,1
20260902,43562313,RINGGIT MALAYSIA,LOCAL,ON US - NON PRV-MRCHT,PETRONAS DAGANGAN,CA,4269.63,1
20260830,43562313,RINGGIT MALAYSIA,OVERSEA,NOT ON US,SENHENG ELECTRIC,CA,6090.25,1
20260810,43562313,RINGGIT MALAYSIA,OVERSEA,ON US,SHOPEE PAY,CP,2654.76,1
20260803,43562313,RINGGIT MALAYSIA,LOCAL,ON US,SENHENG ELECTRIC,CP,5895.16,1
20260816,40757252,RINGGIT MALAYSIA,OVERSEA,ON US - NON PRV-MRCHT,HARVEY NORMAN-IOI CITY,CA,6158.4,1
20260806,40757252,RINGGIT MALAYSIA,OVERSEA,NOT ON US,TESCO STORES (M),CA,2739.74,1
20260817,40757252,RINGGIT MALAYSIA,OVERSEA,NOT ON US,WATSONS PERSONAL CARE,CP,3393.7,1
20260815,40757252,RINGGIT MALAYSIA,OVERSEA,NOT ON US,MR DIY-SUNWAY PYRAMID,CP,2438.16,1
20260812,40757252,RINGGIT MALAYSIA,LOCAL,ON US,SHOPEE PAY,CP,5531.82,1
20260722,79550585,RINGGIT MALAYSIA,LOCAL,NOT ON US,GIANT HYPERMARKET-SHAH ALAM,CA,167.98,1
20251001,79550585,RINGGIT MALAYSIA,LOCAL,ON US,MCDONALD'S MALAYSIA,CA,1461.06,1
20251231,79550585,RINGGIT MALAYSIA,LOCAL,ON US - NON PRV-MRCHT,LOTUS'S STORES-CHERAS,CP,3851.54,1
20251022,79550585,RINGGIT MALAYSIA,LOCAL,ON US - NON PRV-MRCHT,GUARDIAN HEALTH-KLCC,CA,3530.17,1
20251028,79550585,RINGGIT MALAYSIA,OVERSEA,ON US,KFC HOLDINGS,CP,5021.02,1
20260505,79550585,RINGGIT MALAYSIA,OVERSEA,NOT ON US,MR DIY-SUNWAY PYRAMID,CP,2563.51,1
20260429,79550585,RINGGIT MALAYSIA,LOCAL,NOT ON US,WATSONS PERSONAL CARE,CA,5021.29,1
20260824,88295121,RINGGIT MALAYSIA,LOCAL,NOT ON US,ECONSAVE-JOHOR,CP,1287.6,1
20260829,88295121,RINGGIT MALAYSIA,LOCAL,ON US,ECONSAVE-JOHOR,CA,2969.42,1
