TX_DT,Account_No,CIF_No,DC_Sts,Application_Branch,Score_Value,Score_Grade,MDD,FinPlus_Code,Billing_OSP,Billing_Count,Collection_OSP,Collection_Count,Unpaid_OSP,Unpaid_Count,Maintain_OSP,Maintain_Count
20260902,1000000000000000,97588190,0,3,227,B,2,F,19131.62,1,18197.74,1,739.42,1,194.46,1
20260825,1000000000000000,97588190,0,26,237,B,18,F,19131.62,1,19131.62,1,0.0,0,0.0,0
20260902,1000000000000001,85853367,0,46,175,B,18,S,5202.01,1,5132.47,1,66.44,1,3.1,1
20260825,1000000000000001,85853367,0,25,176,B,10,F,5202.01,1,5202.01,1,0.0,0,0.0,0
20260902,1000000000000002,10007812,0,38,188,B,18,O,3325.42,1,3325.42,1,0.0,0,0.0,0
20260825,1000000000000002,10007812,0,15,170,A,2,O,3325.42,1,3325.42,1,0.0,0,0.0,0
20260902,1000000000000003,49123810,0,2,233,B,10,F,1675.0,1,1675.0,1,0.0,0,0.0,0
20260825,1000000000000003,49123810,0,27,226,B,25,S,1675.0,1,1675.0,1,0.0,0,0.0,0
20260902,1000000000000004,45830413,0,37,250,B,2,F,18166.71,1,18166.71,1,0.0,0,0.0,0
20260825,1000000000000004,45830413,0,6,204,A,10,F,18166.71,1,18166.71,1,0.0,0,0.0,0
20260902,1000000000000005,90323465,0,16,172,A,2,F,2959.88,1,2959.88,1,0.0,0,0.0,0
20260825,1000000000000005,90323465,0,44,203,B,18,F,2959.88,1,2959.88,1,0.0,0,0.0,0
20260902,1000000000000006,45349744,0,2,227,B,10,F,2711.37,1,2711.37,1,0.0,0,0.0,0
20260825,1000000000000006,45349744,0,29,231,A,10,F,2711.37,1,2711.37,1,0.0,0,0.0,0
20260902,1000000000000007,59287710,0,39,206,B,10,O,9648.02,1,9648.02,1,0.0,0,0.0,0
20260825,1000000000000007,59287710,0,29,233,A,18,O,9648.02,1,9648.02,1,0.0,0,0.0,0
20260902,1000000000000008,25075778,0,21,227,A,10,O,13929.8,1,13929.8,1,0.0,0,0.0,0
20260825,1000000000000008,25075778,0,19,229,A,2,S,13929.8,1,13929.8,1,0.0,0,0.0,0
20260902,1000000000000009,53609415,0,31,194,A,2,S,8462.02,1,8462.02,1,0.0,0,0.0,0
20260825,1000000000000009,53609415,0,39,175,A,2,S,8462.02,1,8462.02,1,0.0,0,0.0,0
20260902,1000000000000010,84226773,0,15,232,A,18,F,13848.07,1,13848.07,1,0.0,0,0.0,0
20260825,1000000000000010,84226773,0,1,181,B,10,F,13848.07,1,13848.07,1,0.0,0,0.0,0
20260902,1000000000000011,56089546,0,4,208,B,10,S,21741.93,1,21741.93,1,0.0,0,0.0,0
20260825,1000000000000011,56089546,0,19,196,A,18,O,21741.93,1,21741.93,1,0.0,0,0.0,0
20260902,1000000000000012,10558017,2,22,169,C,25,S,12883.28,1,7188.06,1,4449.58,1,1245.64,1
20260825,1000000000000012,10558017,2,16,105,B,10,S,12883.28,1,6910.56,1,5651.5,1,321.22,1
20260902,1000000000000013,41975856,0,13,179,B,25,S,20790.45,1,20790.45,1,0.0,0,0.0,0
20260825,1000000000000013,41975856,0,15,234,B,10,O,20790.45,1,20483.35,1,283.22,1,23.88,1
20260902,1000000000000014,79358085,0,36,207,B,18,O,3921.66,1,3921.66,1,0.0,0,0.0,0
20260825,1000000000000014,79358085,0,40,205,A,10,F,3921.66,1,3921.66,1,0.0,0,0.0,0
20260902,1000000000000015,25084086,0,22,172,A,18,O,14914.77,1,14914.77,1,0.0,0,0.0,0
20260825,1000000000000015,25084086,0,22,215,A,10,O,14914.77,1,14914.77,1,0.0,0,0.0,0
20260902,1000000000000016,54244154,0,33,212,A,2,O,15024.48,1,15024.48,1,0.0,0,0.0,0
20260825,1000000000000016,54244154,0,17,234,A,18,F,15024.48,1,15024.48,1,0.0,0,0.0,0
20260902,1000000000000017,86518436,0,48,249,B,25,S,12667.3,1,12667.3,1,0.0,0,0.0,0
20260825,1000000000000017,86518436,0,26,216,A,18,F,12667.3,1,12667.3,1,0.0,0,0.0,0
20260902,1000000000000018,72887387,1,39,157,C,18,F,27415.96,1,17473.46,1,9585.86,1,356.64,1
20260825,1000000000000018,72887387,1,48,112,B,2,F,27415.96,1,15498.91,1,7933.06,1,3983.99,1
20260902,1000000000000019,37308590,0,37,223,B,2,F,8342.93,1,8342.93,1,0.0,0,0.0,0
20260825,1000000000000019,37308590,0,5,243,A,2,S,8342.93,1,7950.74,1,343.62,1,48.57,1
20260902,1000000000000020,24305357,0,33,170,A,2,O,12025.05,1,12025.05,1,0.0,0,0.0,0
20260825,1000000000000020,24305357,0,21,211,A,25,O,12025.05,1,12025.05,1,0.0,0,0.0,0
20260902,1000000000000021,87290137,0,9,179,A,10,O,19918.6,1,19918.6,1,0.0,0,0.0,0
20260825,1000000000000021,87290137,0,5,236,A,10,F,19918.6,1,19422.07,1,396.2,1,100.33,1
20260902,1000000000000022,96272547,0,14,174,A,18,S,1975.0,1,1975.0,1,0.0,0,0.0,0
20260825,1000000000000022,96272547,0,6,209,B,2,O,1975.0,1,1975.0,1,0.0,0,0.0,0
20260902,1000000000000023,39883970,0,5,231,A,2,F,3963.37,1,3963.37,1,0.0,0,0.0,0
20260825,1000000000000023,39883970,0,43,208,B,10,O,3963.37,1,3963.37,1,0.0,0,0.0,0
20260902,1000000000000024,93388962,0,41,189,B,10,O,6450.2,1,6450.2,1,0.0,0,0.0,0
20260825,1000000000000024,93388962,0,44,225,A,25,F,6450.2,1,6450.2,1,0.0,0,0.0,0
20260902,1000000000000025,97191317,1,42,164,C,10,S,11523.98,1,6752.19,1,4644.89,1,126.9,1
20260825,1000000000000025,97191317,1,44,114,B,25,S,11523.98,1,7552.95,1,2999.53,1,971.5,1
20260902,1000000000000026,84642078,0,7,182,B,2,O,26898.97,1,26898.97,1,0.0,0,0.0,0
20260825,1000000000000026,84642078,0,20,243,B,2,S,26898.97,1,26898.97,1,0.0,0,0.0,0
20260902,1000000000000027,68548403,0,27,192,B,2,F,11042.64,1,11042.64,1,0.0,0,0.0,0
20260825,1000000000000027,68548403,0,1,228,A,2,S,11042.64,1,11042.64,1,0.0,0,0.0,0
20260902,1000000000000028,45792181,2,26,128,C,25,O,12152.19,1,5825.84,1,4150.1,1,2176.25,1
20260825,1000000000000028,45792181,2,29,120,C,25,S,12152.19,1,6686.15,1,5265.57,1,200.47,1
20260902,1000000000000029,60182044,0,25,183,B,10,O,7430.97,1,7430.97,1,0.0,0,0.0,0
20260825,1000000000000029,60182044,0,48,181,B,25,O,7430.97,1,7430.97,1,0.0,0,0.0,0
20260902,1000000000000030,10842074,0,33,190,A,25,F,18213.61,1,18213.61,1,0.0,0,0.0,0
20260825,1000000000000030,10842074,0,44,191,B,25,F,18213.61,1,18213.61,1,0.0,0,0.0,0
20260902,1000000000000031,71792473,4,44,140,D,10,S,4724.06,1,1353.06,1,3050.12,1,320.88,1
20260825,1000000000000031,71792473,4,28,163,C,10,S,4724.06,1,1284.6,1,3127.51,1,311.95,1
20260902,1000000000000032,26103982,0,13,233,A,18,O,13804.58,1,13432.78,1,355.76,1,16.04,1
20260825,1000000000000032,26103982,0,2,178,A,2,S,13804.58,1,13804.58,1,0.0,0,0.0,0
20260902,1000000000000033,35817805,0,36,197,A,10,S,3099.02,1,3099.02,1,0.0,0,0.0,0
20260825,1000000000000033,35817805,0,5,172,B,2,S,3099.02,1,3099.02,1,0.0,0,0.0,0
20260902,1000000000000034,35728692,0,17,210,B,18,S,5855.28,1,5855.28,1,0.0,0,0.0,0
20260825,1000000000000034,35728692,0,37,233,B,2,O,5855.28,1,5855.28,1,0.0,0,0.0,0
20260902,1000000000000035,62052210,2,18,132,C,18,F,4055.06,1,2201.85,1,1322.68,1,530.53,1
20260825,1000000000000035,62052210,2,47,150,C,25,F,4055.06,1,1994.7,1,1916.58,1,143.78,1
20260902,1000000000000036,39707606,2,37,134,B,25,S,15651.19,1,8577.31,1,6006.41,1,1067.47,1
20260825,1000000000000036,39707606,2,32,151,C,25,S,15651.19,1,6706.36,1,5813.41,1,3131.42,1
20260902,1000000000000037,75694038,0,49,198,A,25,F,17546.42,1,17546.42,1,0.0,0,0.0,0
20260825,1000000000000037,75694038,0,4,239,B,10,S,17546.42,1,17546.42,1,0.0,0,0.0,0
20260902,1000000000000038,41222956,0,9,201,B,10,O,18968.47,1,18441.69,1,363.08,1,163.7,1
20260825,1000000000000038,41222956,0,36,240,A,2,S,18968.47,1,18968.47,1,0.0,0,0.0,0
20260902,1000000000000039,73437105,3,10,111,C,25,S,5071.88,1,2006.05,1,1879.74,1,1186.09,1
20260825,1000000000000039,73437105,3,42,104,C,25,S,5071.88,1,1648.4,1,2829.67,1,593.81,1
20260902,1000000000000040,18223029,0,24,182,A,18,O,21827.09,1,21827.09,1,0.0,0,0.0,0
20260825,1000000000000040,18223029,0,39,247,A,2,F,21827.09,1,21827.09,1,0.0,0,0.0,0
20260902,1000000000000041,27418572,0,49,209,A,2,S,20676.45,1,20676.45,1,0.0,0,0.0,0
20260825,1000000000000041,27418572,0,2,201,A,18,S,20676.45,1,20676.45,1,0.0,0,0.0,0
20260902,1000000000000042,26596590,0,40,238,A,2,O,8682.15,1,8682.15,1,0.0,0,0.0,0
20260825,1000000000000042,26596590,0,2,229,B,25,S,8682.15,1,8682.15,1,0.0,0,0.0,0
20260902,1000000000000043,86219084,0,8,199,B,2,S,11016.88,1,10593.04,1,422.2,1,1.64,1
20260825,1000000000000043,86219084,0,14,232,B,10,S,11016.88,1,11016.88,1,0.0,0,0.0,0
20260902,1000000000000044,96155859,0,31,172,B,25,S,7165.97,1,6817.97,1,300.31,1,47.69,1
20260825,1000000000000044,96155859,0,21,185,B,25,S,7165.97,1,6863.07,1,204.49,1,98.41,1
20260902,1000000000000045,82230944,0,1,233,B,18,F,29214.69,1,29214.69,1,0.0,0,0.0,0
20260825,1000000000000045,82230944,0,46,195,B,2,O,29214.69,1,29214.69,1,0.0,0,0.0,0
20260902,1000000000000046,17597364,0,13,221,B,10,O,20175.99,1,20175.99,1,0.0,0,0.0,0
20260825,1000000000000046,17597364,0,32,175,A,18,O,20175.99,1,20175.99,1,0.0,0,0.0,0
20260902,1000000000000047,72511618,0,40,205,B,10,F,21055.75,1,21055.75,1,0.0,0,0.0,0
20260825,1000000000000047,72511618,0,45,200,A,10,S,21055.75,1,21055.75,1,0.0,0,0.0,0
20260902,1000000000000048,56993293,0,33,234,B,25,F,17431.5,1,17431.5,1,0.0,0,0.0,0
20260825,1000000000000048,56993293,0,16,178,A,25,O,17431.5,1,17431.5,1,0.0,0,0.0,0
20260902,1000000000000049,91650533,3,24,159,C,2,S,6765.21,1,2444.95,1,3426.73,1,893.53,1
20260825,1000000000000049,91650533,3,13,159,C,18,S,6765.21,1,2648.59,1,2628.46,1,1488.16,1
20260902,1000000000000050,70832175,0,32,194,A,10,S,8498.52,1,8498.52,1,0.0,0,0.0,0
20260825,1000000000000050,70832175,0,25,200,B,10,O,8498.52,1,8498.52,1,0.0,0,0.0,0
20260902,1000000000000051,48499243,0,47,188,A,25,F,1772.84,1,1772.84,1,0.0,0,0.0,0
20260825,1000000000000051,48499243,0,43,233,B,2,O,1772.84,1,1772.84,1,0.0,0,0.0,0
20260902,1000000000000052,51211454,0,23,178,A,18,O,3473.93,1,3473.93,1,0.0,0,0.0,0
20260825,1000000000000052,51211454,0,47,237,A,18,O,3473.93,1,3473.93,1,0.0,0,0.0,0
20260902,1000000000000053,64662098,0,8,217,B,18,S,11111.51,1,11111.51,1,0.0,0,0.0,0
20260825,1000000000000053,64662098,0,37,171,A,10,S,11111.51,1,11111.51,1,0.0,0,0.0,0
20260902,1000000000000054,52869025,3,3,106,B,25,O,1892.24,1,732.86,1,846.57,1,312.81,1
20260825,1000000000000054,52869025,3,29,153,C,25,F,1892.24,1,584.09,1,1252.44,1,55.71,1
20260902,1000000000000055,87668208,0,46,170,A,2,O,11394.99,1,11394.99,1,0.0,0,0.0,0
20260825,1000000000000055,87668208,0,36,247,B,2,S,11394.99,1,11394.99,1,0.0,0,0.0,0
20260902,1000000000000056,83335618,0,16,231,B,2,O,2012.99,1,2012.99,1,0.0,0,0.0,0
20260825,1000000000000056,83335618,0,18,218,A,10,F,2012.99,1,2012.99,1,0.0,0,0.0,0
20260902,1000000000000057,48251875,0,35,190,A,25,O,11603.27,1,11603.27,1,0.0,0,0.0,0
20260825,1000000000000057,48251875,0,7,192,B,25,F,11603.27,1,11603.27,1,0.0,0,0.0,0
20260902,1000000000000058,37134697,0,29,185,A,18,F,20607.58,1,20607.58,1,0.0,0,0.0,0
20260825,1000000000000058,37134697,0,9,213,B,18,S,20607.58,1,20607.58,1,0.0,0,0.0,0
20260902,1000000000000059,70068638,0,21,221,B,18,O,11509.62,1,11509.62,1,0.0,0,0.0,0
20260825,1000000000000059,70068638,0,50,242,A,2,S,11509.62,1,11509.62,1,0.0,0,0.0,0
20260902,1000000000000060,90487164,0,27,238,B,2,F,10880.88,1,10880.88,1,0.0,0,0.0,0
20260825,1000000000000060,90487164,0,17,240,B,10,O,10880.88,1,10880.88,1,0.0,0,0.0,0
20260902,1000000000000061,31964828,0,36,188,A,18,S,5742.81,1,5742.81,1,0.0,0,0.0,0
20260825,1000000000000061,31964828,0,43,179,B,18,F,5742.81,1,5742.81,1,0.0,0,0.0,0
20260902,1000000000000062,94715069,0,2,210,B,10,O,5727.03,1,5727.03,1,0.0,0,0.0,0
20260825,1000000000000062,94715069,0,38,213,B,18,S,5727.03,1,5727.03,1,0.0,0,0.0,0
20260902,1000000000000063,97963754,0,35,174,A,18,F,4821.69,1,4821.69,1,0.0,0,0.0,0
20260825,1000000000000063,97963754,0,14,232,B,2,S,4821.69,1,4802.87,1,16.13,1,2.69,1
20260902,1000000000000064,97591634,2,13,122,C,2,O,8139.67,1,3731.71,1,3980.09,1,427.87,1
20260825,1000000000000064,97591634,2,39,119,B,10,O,8139.67,1,3506.15,1,2814.11,1,1819.41,1
20260902,1000000000000065,38876693,1,39,119,B,18,O,26253.85,1,17387.66,1,6062.43,1,2803.76,1
20260825,1000000000000065,38876693,1,31,140,C,25,S,26253.85,1,16594.64,1,7499.17,1,2160.04,1
20260902,1000000000000066,91644298,0,30,191,B,25,S,3025.0,1,3025.0,1,0.0,0,0.0,0
20260825,1000000000000066,91644298,0,10,197,A,2,S,3025.0,1,3025.0,1,0.0,0,0.0,0
20260902,1000000000000067,17105323,0,20,202,A,18,F,12375.67,1,12375.67,1,0.0,0,0.0,0
20260825,1000000000000067,17105323,0,13,174,B,18,S,12375.67,1,12375.67,1,0.0,0,0.0,0
20260902,1000000000000068,41720102,0,1,218,A,10,S,6308.26,1,6308.26,1,0.0,0,0.0,0
20260825,1000000000000068,41720102,0,25,243,B,25,O,6308.26,1,6308.26,1,0.0,0,0.0,0
20260902,1000000000000069,66363505,0,47,229,B,25,S,25290.57,1,24808.31,1,350.09,1,132.17,1
20260825,1000000000000069,66363505,0,10,199,B,2,S,25290.57,1,25290.57,1,0.0,0,0.0,0
20260902,1000000000000070,19229212,0,50,193,B,25,O,7711.51,1,7711.51,1,0.0,0,0.0,0
20260825,1000000000000070,19229212,0,46,214,B,10,F,7711.51,1,7711.51,1,0.0,0,0.0,0
20260902,1000000000000071,50773548,2,4,131,C,18,O,17948.42,1,7722.28,1,7864.06,1,2362.08,1
20260825,1000000000000071,50773548,2,4,153,C,18,F,17948.42,1,7761.08,1,8477.54,1,1709.8,1
20260902,1000000000000072,66497402,0,46,209,A,2,F,2619.04,1,2619.04,1,0.0,0,0.0,0
20260825,1000000000000072,66497402,0,13,179,A,2,F,2619.04,1,2536.6,1,65.56,1,16.88,1
20260902,1000000000000073,23724194,0,42,201,B,2,S,6922.06,1,6922.06,1,0.0,0,0.0,0
20260825,1000000000000073,23724194,0,42,230,B,10,S,6922.06,1,6922.06,1,0.0,0,0.0,0
20260902,1000000000000074,99508850,0,42,225,B,10,S,4154.3,1,4154.3,1,0.0,0,0.0,0
20260825,1000000000000074,99508850,0,20,230,A,25,O,4154.3,1,4093.98,1,57.64,1,2.68,1
20260902,1000000000000075,71524281,0,35,197,B,10,F,6997.07,1,6997.07,1,0.0,0,0.0,0
20260825,1000000000000075,71524281,0,27,214,B,2,O,6997.07,1,6997.07,1,0.0,0,0.0,0
20260902,1000000000000076,55470218,0,36,177,B,25,S,16762.52,1,16171.79,1,553.5,1,37.23,1
20260825,1000000000000076,55470218,0,9,211,B,10,O,16762.52,1,16762.52,1,0.0,0,0.0,0
20260902,1000000000000077,24561005,0,26,227,A,25,S,13744.07,1,13744.07,1,0.0,0,0.0,0
20260825,1000000000000077,24561005,0,7,176,B,2,O,13744.07,1,13744.07,1,0.0,0,0.0,0
20260902,1000000000000078,46093287,0,33,232,A,25,F,3576.42,1,3576.42,1,0.0,0,0.0,0
20260825,1000000000000078,46093287,0,18,178,A,25,F,3576.42,1,3576.42,1,0.0,0,0.0,0
20260902,1000000000000079,17298381,2,6,150,B,2,O,15769.2,1,6685.87,1,5970.88,1,3112.45,1
20260825,1000000000000079,17298381,2,15,160,C,18,S,15769.2,1,7493.65,1,8223.45,1,52.1,1
20260902,1000000000000080,47101348,0,4,214,A,10,S,8165.79,1,8165.79,1,0.0,0,0.0,0
20260825,1000000000000080,47101348,0,27,241,A,2,S,8165.79,1,8165.79,1,0.0,0,0.0,0
20260902,1000000000000081,40212304,0,25,216,A,2,F,4920.6,1,4920.6,1,0.0,0,0.0,0
20260825,1000000000000081,40212304,0,14,214,B,18,S,4920.6,1,4877.61,1,32.47,1,10.52,1
20260902,1000000000000082,48668446,3,1,123,C,2,F,5647.42,1,2179.92,1,3423.57,1,43.93,1
20260825,1000000000000082,48668446,3,39,102,B,2,S,5647.42,1,2123.09,1,2369.12,1,1155.21,1
20260902,1000000000000083,95380264,0,45,196,B,2,O,4172.38,1,4172.38,1,0.0,0,0.0,0
20260825,1000000000000083,95380264,0,25,213,A,10,S,4172.38,1,4172.38,1,0.0,0,0.0,0
20260902,1000000000000084,24051169,2,17,133,C,2,S,12344.95,1,6736.0,1,4968.42,1,640.53,1
20260825,1000000000000084,24051169,2,14,116,C,25,S,12344.95,1,5283.01,1,6856.83,1,205.11,1
20260902,1000000000000085,57865055,0,24,234,A,2,S,10525.33,1,10525.33,1,0.0,0,0.0,0
20260825,1000000000000085,57865055,0,31,201,B,2,F,10525.33,1,10525.33,1,0.0,0,0.0,0
20260902,1000000000000086,64646168,0,13,230,B,25,O,2700.0,1,2700.0,1,0.0,0,0.0,0
20260825,1000000000000086,64646168,0,30,196,B,10,O,2700.0,1,2700.0,1,0.0,0,0.0,0
20260902,1000000000000087,74802325,3,3,134,C,2,S,5913.97,1,2135.02,1,3496.79,1,282.16,1
20260825,1000000000000087,74802325,3,11,120,C,10,S,5913.97,1,2546.11,1,2154.11,1,1213.75,1
20260902,1000000000000088,93305188,0,4,199,A,18,F,3510.9,1,3510.9,1,0.0,0,0.0,0
20260825,1000000000000088,93305188,0,44,208,A,18,F,3510.9,1,3360.03,1,134.54,1,16.33,1
20260902,1000000000000089,29750059,0,48,234,A,25,F,7788.89,1,7788.89,1,0.0,0,0.0,0
20260825,1000000000000089,29750059,0,3,204,A,18,S,7788.89,1,7788.89,1,0.0,0,0.0,0
20260902,1000000000000090,13414017,0,50,215,B,10,O,2600.0,1,2600.0,1,0.0,0,0.0,0
20260825,1000000000000090,13414017,0,3,192,A,2,O,2600.0,1,2600.0,1,0.0,0,0.0,0
20260902,1000000000000091,73073898,0,9,192,A,25,F,12229.17,1,12229.17,1,0.0,0,0.0,0
20260825,1000000000000091,73073898,0,15,233,A,25,O,12229.17,1,12229.17,1,0.0,0,0.0,0
20260902,1000000000000092,41715154,0,38,227,B,25,S,7645.23,1,7645.23,1,0.0,0,0.0,0
20260825,1000000000000092,41715154,0,43,229,B,2,O,7645.23,1,7645.23,1,0.0,0,0.0,0
20260902,1000000000000093,56739546,2,48,107,B,2,S,8529.04,1,4242.91,1,3067.94,1,1218.19,1
20260825,1000000000000093,56739546,2,45,170,B,18,O,8529.04,1,4207.68,1,2825.54,1,1495.82,1
20260902,1000000000000094,60185867,0,19,203,B,18,S,4705.92,1,4599.17,1,73.5,1,33.25,1
20260825,1000000000000094,60185867,0,13,216,B,25,F,4705.92,1,4610.74,1,71.98,1,23.2,1
20260902,1000000000000095,99064042,0,5,236,A,25,F,1900.0,1,1900.0,1,0.0,0,0.0,0
20260825,1000000000000095,99064042,0,25,246,B,18,O,1900.0,1,1900.0,1,0.0,0,0.0,0
20260902,1000000000000096,59987316,0,26,249,A,10,S,1625.0,1,1625.0,1,0.0,0,0.0,0
20260825,1000000000000096,59987316,0,49,174,A,2,F,1625.0,1,1625.0,1,0.0,0,0.0,0
20260902,1000000000000097,65180948,0,41,231,B,10,O,26726.66,1,26726.66,1,0.0,0,0.0,0
20260825,1000000000000097,65180948,0,50,230,B,25,O,26726.66,1,26726.66,1,0.0,0,0.0,0
20260902,1000000000000098,44323784,0,23,234,B,18,O,9812.84,1,9812.84,1,0.0,0,0.0,0
20260825,1000000000000098,44323784,0,30,199,A,18,O,9812.84,1,9788.15,1,17.67,1,7.02,1
20260902,1000000000000099,35578773,0,13,219,B,18,F,2450.0,1,2450.0,1,0.0,0,0.0,0
20260825,1000000000000099,35578773,0,38,228,A,2,F,2450.0,1,2450.0,1,0.0,0,0.0,0
20260902,1000000000000100,52209421,2,23,112,C,10,O,19653.16,1,8205.98,1,9174.75,1,2272.43,1
20260825,1000000000000100,52209421,2,48,150,B,25,S,19653.16,1,8064.24,1,11338.91,1,250.01,1
20260902,1000000000000101,86273803,0,33,226,B,25,F,4485.6,1,4485.6,1,0.0,0,0.0,0
20260825,1000000000000101,86273803,0,22,250,B,25,O,4485.6,1,4485.6,1,0.0,0,0.0,0
20260902,1000000000000102,51460853,0,22,243,A,10,F,9912.65,1,9912.65,1,0.0,0,0.0,0
20260825,1000000000000102,51460853,0,10,216,B,10,F,9912.65,1,9912.65,1,0.0,0,0.0,0
20260902,1000000000000103,91041439,0,5,189,B,18,F,2305.27,1,2305.27,1,0.0,0,0.0,0
20260825,1000000000000103,91041439,0,18,224,A,25,O,2305.27,1,2305.27,1,0.0,0,0.0,0
20260902,1000000000000104,58255231,0,28,178,B,2,O,22630.62,1,22630.62,1,0.0,0,0.0,0
20260825,1000000000000104,58255231,0,22,188,B,2,O,22630.62,1,22630.62,1,0.0,0,0.0,0
20260902,1000000000000105,33827142,0,49,209,A,10,S,2650.0,1,2650.0,1,0.0,0,0.0,0
20260825,1000000000000105,33827142,0,43,184,A,10,S,2650.0,1,2650.0,1,0.0,0,0.0,0
20260902,1000000000000106,62570183,0,28,192,B,18,S,15734.89,1,15085.86,1,444.23,1,204.8,1
20260825,1000000000000106,62570183,0,34,238,A,2,S,15734.89,1,15383.96,1,298.39,1,52.54,1
20260902,1000000000000107,61655958,2,22,140,C,10,S,6289.93,1,3515.79,1,2394.52,1,379.62,1
20260825,1000000000000107,61655958,2,41,154,B,25,O,6289.93,1,2941.25,1,2877.07,1,471.61,1
20260902,1000000000000108,15081624,0,50,213,B,2,F,2075.0,1,2075.0,1,0.0,0,0.0,0
20260825,1000000000000108,15081624,0,17,199,A,10,S,2075.0,1,2032.22,1,29.82,1,12.96,1
20260902,1000000000000109,43792654,0,19,187,B,2,O,14518.69,1,13876.62,1,421.58,1,220.49,1
20260825,1000000000000109,43792654,0,16,242,A,2,O,14518.69,1,14317.06,1,159.7,1,41.93,1
20260902,1000000000000110,96574438,0,22,177,A,2,O,16552.0,1,16552.0,1,0.0,0,0.0,0
20260825,1000000000000110,96574438,0,34,239,B,10,S,16552.0,1,16552.0,1,0.0,0,0.0,0
20260902,1000000000000111,44184054,0,11,191,A,25,F,7746.18,1,7746.18,1,0.0,0,0.0,0
20260825,1000000000000111,44184054,0,10,218,B,25,F,7746.18,1,7746.18,1,0.0,0,0.0,0
20260902,1000000000000112,57814619,0,13,185,A,2,S,8544.72,1,8544.72,1,0.0,0,0.0,0
20260825,1000000000000112,57814619,0,37,238,A,10,O,8544.72,1,8544.72,1,0.0,0,0.0,0
20260902,1000000000000113,91979982,2,33,166,C,2,F,10435.66,1,5293.63,1,4404.92,1,737.11,1
20260825,1000000000000113,91979982,2,6,138,C,25,O,10435.66,1,5536.88,1,3619.59,1,1279.19,1
20260902,1000000000000114,80889684,2,47,164,B,2,S,8252.97,1,3394.5,1,3756.46,1,1102.01,1
20260825,1000000000000114,80889684,2,44,118,B,2,O,8252.97,1,4312.0,1,2765.0,1,1175.97,1
20260902,1000000000000115,31450764,0,40,220,A,10,O,13729.07,1,13729.07,1,0.0,0,0.0,0
20260825,1000000000000115,31450764,0,49,208,A,2,S,13729.07,1,13729.07,1,0.0,0,0.0,0
20260902,1000000000000116,13852508,1,41,112,B,2,S,9833.3,1,5370.42,1,3879.85,1,583.03,1
20260825,1000000000000116,13852508,1,21,142,C,10,F,9833.3,1,6123.73,1,2953.3,1,756.27,1
20260902,1000000000000117,43562313,0,3,172,B,25,S,4910.56,1,4910.56,1,0.0,0,0.0,0
20260825,1000000000000117,43562313,0,40,249,B,10,F,4910.56,1,4910.56,1,0.0,0,0.0,0
20260902,1000000000000118,40757252,2,2,146,C,18,S,19326.08,1,9362.38,1,8312.12,1,1651.58,1
20260825,1000000000000118,40757252,2,24,164,B,2,F,19326.08,1,8426.55,1,7074.17,1,3825.36,1
20260902,1000000000000119,79550585,2,39,143,C,10,S,16453.81,1,7949.15,1,5858.3,1,2646.36,1
20260825,1000000000000119,79550585,2,7,101,C,25,S,16453.81,1,8077.25,1,8309.06,1,67.5,1
20260902,1000000000000120,88295121,0,37,198,B,25,S,6672.92,1,6672.92,1,0.0,0,0.0,0
20260825,1000000000000120,88295121,0,24,190,B,10,S,6672.92,1,6672.92,1,0.0,0,0.0,0
20260902,1000000000000121,64162221,0,49,240,A,10,F,2275.0,1,2275.0,1,0.0,0,0.0,0
20260825,1000000000000121,64162221,0,43,237,B,10,S,2275.0,1,2275.0,1,0.0,0,0.0,0
20260902,1000000000000122,82712656,0,38,240,B,25,O,9864.16,1,9864.16,1,0.0,0,0.0,0
20260825,1000000000000122,82712656,0,40,244,B,2,F,9864.16,1,9469.8,1,383.79,1,10.57,1
20260902,1000000000000123,45411876,3,15,157,C,10,S,5539.12,1,2281.22,1,2239.8,1,1018.1,1
20260825,1000000000000123,45411876,3,25,134,B,18,S,5539.12,1,2045.31,1,2471.32,1,1022.49,1
20260902,1000000000000124,49423056,0,39,178,B,18,S,1983.78,1,1983.78,1,0.0,0,0.0,0
20260825,1000000000000124,49423056,0,24,221,A,25,F,1983.78,1,1983.78,1,0.0,0,0.0,0
20260902,1000000000000125,28528338,0,18,210,A,2,F,2083.02,1,2083.02,1,0.0,0,0.0,0
20260825,1000000000000125,28528338,0,19,228,B,2,O,2083.02,1,2083.02,1,0.0,0,0.0,0
20260902,1000000000000126,13003845,4,30,106,C,10,S,5346.13,1,1063.11,1,2932.97,1,1350.05,1
20260825,1000000000000126,13003845,4,20,137,C,2,F,5346.13,1,1121.32,1,2562.96,1,1661.85,1
20260902,1000000000000127,40055302,0,15,195,B,25,S,9769.93,1,9769.93,1,0.0,0,0.0,0
20260825,1000000000000127,40055302,0,3,190,A,18,S,9769.93,1,9545.04,1,170.52,1,54.37,1
20260902,1000000000000128,95689443,0,8,191,A,2,F,9764.51,1,9764.51,1,0.0,0,0.0,0
20260825,1000000000000128,95689443,0,35,190,A,2,S,9764.51,1,9764.51,1,0.0,0,0.0,0
20260902,1000000000000129,72992763,0,14,217,A,10,O,5373.68,1,5373.68,1,0.0,0,0.0,0
20260825,1000000000000129,72992763,0,39,245,A,10,S,5373.68,1,5373.68,1,0.0,0,0.0,0
20260902,1000000000000130,41154021,0,36,249,B,2,O,14134.12,1,14134.12,1,0.0,0,0.0,0
20260825,1000000000000130,41154021,0,18,245,A,10,F,14134.12,1,14134.12,1,0.0,0,0.0,0
20260902,1000000000000131,20159556,0,19,246,A,25,S,11291.3,1,11291.3,1,0.0,0,0.0,0
20260825,1000000000000131,20159556,0,18,194,A,25,S,11291.3,1,11291.3,1,0.0,0,0.0,0
20260902,1000000000000132,79241651,0,34,200,B,2,S,9558.44,1,9558.44,1,0.0,0,0.0,0
20260825,1000000000000132,79241651,0,16,225,A,25,S,9558.44,1,9558.44,1,0.0,0,0.0,0
20260902,1000000000000133,62215999,0,13,200,A,2,O,13199.55,1,13199.55,1,0.0,0,0.0,0
20260825,1000000000000133,62215999,0,23,185,B,10,S,13199.55,1,13199.55,1,0.0,0,0.0,0
20260902,1000000000000134,31368427,0,47,245,B,18,F,2025.0,1,1941.03,1,67.86,1,16.11,1
20260825,1000000000000134,31368427,0,9,220,B,10,O,2025.0,1,2025.0,1,0.0,0,0.0,0
20260902,1000000000000135,60525308,0,27,188,A,2,S,3640.11,1,3640.11,1,0.0,0,0.0,0
20260825,1000000000000135,60525308,0,3,207,A,2,F,3640.11,1,3523.0,1,82.64,1,34.47,1
20260902,1000000000000136,61104210,2,39,114,B,10,F,17866.03,1,9059.74,1,8454.4,1,351.89,1
20260825,1000000000000136,61104210,2,15,120,C,10,F,17866.03,1,9974.1,1,6289.96,1,1601.97,1
20260902,1000000000000137,96596388,0,19,210,A,2,S,3932.75,1,3932.75,1,0.0,0,0.0,0
20260825,1000000000000137,96596388,0,31,211,A,18,S,3932.75,1,3932.75,1,0.0,0,0.0,0
20260902,1000000000000138,93805780,2,6,166,B,2,O,20309.73,1,9527.46,1,7351.01,1,3431.26,1
20260825,1000000000000138,93805780,2,34,163,B,25,S,20309.73,1,8640.92,1,7054.82,1,4613.99,1
20260902,1000000000000139,18809485,0,19,229,B,2,O,2625.0,1,2625.0,1,0.0,0,0.0,0
20260825,1000000000000139,18809485,0,10,206,A,2,O,2625.0,1,2568.99,1,34.27,1,21.74,1
20260902,1000000000000140,72796578,0,40,183,B,25,O,21611.32,1,21611.32,1,0.0,0,0.0,0
20260825,1000000000000140,72796578,0,34,170,B,2,O,21611.32,1,21611.32,1,0.0,0,0.0,0
20260902,1000000000000141,35553337,0,28,245,A,18,F,13968.06,1,13968.06,1,0.0,0,0.0,0
20260825,1000000000000141,35553337,0,11,186,B,18,F,13968.06,1,13968.06,1,0.0,0,0.0,0
20260902,1000000000000142,12895539,0,45,216,A,25,F,1925.0,1,1925.0,1,0.0,0,0.0,0
20260825,1000000000000142,12895539,0,37,228,B,18,F,1925.0,1,1925.0,1,0.0,0,0.0,0
20260902,1000000000000143,97441279,0,36,248,A,18,S,14057.06,1,13636.21,1,279.98,1,140.87,1
20260825,1000000000000143,97441279,0,16,184,B,18,O,14057.06,1,14057.06,1,0.0,0,0.0,0
20260902,1000000000000144,98842638,0,8,241,B,25,O,17360.51,1,17360.51,1,0.0,0,0.0,0
20260825,1000000000000144,98842638,0,29,170,B,2,F,17360.51,1,17360.51,1,0.0,0,0.0,0
20260902,1000000000000145,43274275,0,49,195,B,18,S,15877.67,1,15877.67,1,0.0,0,0.0,0
20260825,1000000000000145,43274275,0,17,191,A,10,F,15877.67,1,15877.67,1,0.0,0,0.0,0
20260902,1000000000000146,62974395,0,41,239,B,18,F,3252.97,1,3252.97,1,0.0,0,0.0,0
20260825,1000000000000146,62974395,0,7,244,A,25,S,3252.97,1,3252.97,1,0.0,0,0.0,0
20260902,1000000000000147,52812494,0,36,224,A,2,O,9590.61,1,9442.98,1,93.97,1,53.66,1
20260825,1000000000000147,52812494,0,50,221,A,10,O,9590.61,1,9590.61,1,0.0,0,0.0,0
20260902,1000000000000148,77484308,0,14,217,A,25,F,9186.5,1,9186.5,1,0.0,0,0.0,0
20260825,1000000000000148,77484308,0,9,172,A,18,S,9186.5,1,9186.5,1,0.0,0,0.0,0
20260902,1000000000000149,98242071,0,26,226,A,2,S,4452.11,1,4452.11,1,0.0,0,0.0,0
20260825,1000000000000149,98242071,0,7,188,A,10,S,4452.11,1,4452.11,1,0.0,0,0.0,0
20260902,1000000000000150,48112097,0,24,184,B,10,S,11829.99,1,11829.99,1,0.0,0,0.0,0
20260825,1000000000000150,48112097,0,26,200,B,2,S,11829.99,1,11829.99,1,0.0,0,0.0,0
20260902,1000000000000151,49885623,3,5,138,C,18,O,8763.38,1,3033.87,1,3477.66,1,2251.85,1
20260825,1000000000000151,49885623,3,6,167,C,25,F,8763.38,1,2633.59,1,4162.94,1,1966.85,1
20260902,1000000000000152,93302663,0,16,232,B,25,F,21578.21,1,21578.21,1,0.0,0,0.0,0
20260825,1000000000000152,93302663,0,36,225,A,2,O,21578.21,1,21578.21,1,0.0,0,0.0,0
20260902,1000000000000153,87267518,0,13,191,A,10,O,11742.19,1,11742.19,1,0.0,0,0.0,0
20260825,1000000000000153,87267518,0,10,172,B,25,F,11742.19,1,11742.19,1,0.0,0,0.0,0
20260902,1000000000000154,10344739,0,20,222,A,18,O,7281.64,1,7169.65,1,110.37,1,1.62,1
20260825,1000000000000154,10344739,0,16,233,A,18,O,7281.64,1,7281.64,1,0.0,0,0.0,0
20260902,1000000000000155,77125394,0,36,176,B,2,F,1850.0,1,1850.0,1,0.0,0,0.0,0
20260825,1000000000000155,77125394,0,21,181,A,10,O,1850.0,1,1850.0,1,0.0,0,0.0,0
20260902,1000000000000156,28853237,0,33,175,A,2,O,15877.84,1,15877.84,1,0.0,0,0.0,0
20260825,1000000000000156,28853237,0,45,219,A,2,S,15877.84,1,15877.84,1,0.0,0,0.0,0
20260902,1000000000000157,65921495,0,5,243,B,10,F,12033.85,1,12033.85,1,0.0,0,0.0,0
20260825,1000000000000157,65921495,0,27,246,B,10,F,12033.85,1,12033.85,1,0.0,0,0.0,0
20260902,1000000000000158,65692507,0,23,229,B,10,S,9652.99,1,9652.99,1,0.0,0,0.0,0
20260825,1000000000000158,65692507,0,9,196,B,2,O,9652.99,1,9210.96,1,277.73,1,164.3,1
20260902,1000000000000159,75972463,0,24,205,B,18,F,10173.69,1,10173.69,1,0.0,0,0.0,0
20260825,1000000000000159,75972463,0,19,187,A,10,O,10173.69,1,10173.69,1,0.0,0,0.0,0
20260902,1000000000000160,80314738,0,4,183,A,2,O,1725.0,1,1725.0,1,0.0,0,0.0,0
20260825,1000000000000160,80314738,0,14,249,B,25,S,1725.0,1,1658.53,1,58.41,1,8.06,1
20260902,1000000000000161,78555983,0,33,185,A,18,O,3126.11,1,3126.11,1,0.0,0,0.0,0
20260825,1000000000000161,78555983,0,8,229,A,18,S,3126.11,1,3126.11,1,0.0,0,0.0,0
20260902,1000000000000162,41913701,0,4,214,A,18,S,11524.47,1,11524.47,1,0.0,0,0.0,0
20260825,1000000000000162,41913701,0,13,198,A,18,O,11524.47,1,11524.47,1,0.0,0,0.0,0
20260902,1000000000000163,97011596,0,35,182,B,25,F,17707.49,1,17707.49,1,0.0,0,0.0,0
20260825,1000000000000163,97011596,0,22,216,B,2,F,17707.49,1,17707.49,1,0.0,0,0.0,0
20260902,1000000000000164,77684507,0,32,242,A,18,O,6731.89,1,6731.89,1,0.0,0,0.0,0
20260825,1000000000000164,77684507,0,12,216,B,18,O,6731.89,1,6731.89,1,0.0,0,0.0,0
20260902,1000000000000165,13971694,1,26,163,C,18,O,7369.19,1,4296.64,1,2633.38,1,439.17,1
20260825,1000000000000165,13971694,1,8,155,B,25,S,7369.19,1,4086.49,1,2559.17,1,723.53,1
20260902,1000000000000166,85374852,0,11,194,A,2,O,18665.33,1,18665.33,1,0.0,0,0.0,0
20260825,1000000000000166,85374852,0,44,205,A,10,F,18665.33,1,18665.33,1,0.0,0,0.0,0
20260902,1000000000000167,96078953,2,47,138,B,2,S,25006.9,1,13362.47,1,7387.88,1,4256.55,1
20260825,1000000000000167,96078953,2,35,142,C,18,F,25006.9,1,13411.39,1,10024.56,1,1570.95,1
20260902,1000000000000168,51088896,0,34,214,A,18,F,3037.01,1,2986.84,1,43.33,1,6.84,1
20260825,1000000000000168,51088896,0,42,187,B,18,S,3037.01,1,3037.01,1,0.0,0,0.0,0
20260902,1000000000000169,30112846,0,5,231,A,2,S,14287.8,1,13648.39,1,545.98,1,93.43,1
20260825,1000000000000169,30112846,0,14,177,A,2,S,14287.8,1,14287.8,1,0.0,0,0.0,0
20260902,1000000000000170,93100528,3,30,143,B,2,S,13145.06,1,5085.71,1,7268.77,1,790.58,1
20260825,1000000000000170,93100528,3,16,105,B,25,O,13145.06,1,4739.2,1,7787.89,1,617.97,1
20260902,1000000000000171,57853401,0,6,210,B,18,F,5801.9,1,5801.9,1,0.0,0,0.0,0
20260825,1000000000000171,57853401,0,39,212,A,25,F,5801.9,1,5801.9,1,0.0,0,0.0,0
20260902,1000000000000172,67494251,0,16,239,A,10,F,19914.15,1,19914.15,1,0.0,0,0.0,0
20260825,1000000000000172,67494251,0,50,219,B,25,F,19914.15,1,19914.15,1,0.0,0,0.0,0
20260902,1000000000000173,39621339,0,19,184,B,18,S,1800.0,1,1787.86,1,10.47,1,1.67,1
20260825,1000000000000173,39621339,0,13,206,B,2,O,1800.0,1,1800.0,1,0.0,0,0.0,0
20260902,1000000000000174,22840776,0,10,200,B,2,S,2470.04,1,2470.04,1,0.0,0,0.0,0
20260825,1000000000000174,22840776,0,30,230,A,2,S,2470.04,1,2470.04,1,0.0,0,0.0,0
20260902,1000000000000175,48215197,0,4,237,A,10,S,24346.31,1,24346.31,1,0.0,0,0.0,0
20260825,1000000000000175,48215197,0,30,214,B,2,F,24346.31,1,24346.31,1,0.0,0,0.0,0
20260902,1000000000000176,45020235,0,45,212,B,10,O,2525.0,1,2525.0,1,0.0,0,0.0,0
20260825,1000000000000176,45020235,0,49,205,A,18,F,2525.0,1,2525.0,1,0.0,0,0.0,0
20260902,1000000000000177,66785928,0,11,192,A,18,S,1675.0,1,1675.0,1,0.0,0,0.0,0
20260825,1000000000000177,66785928,0,16,215,B,2,F,1675.0,1,1675.0,1,0.0,0,0.0,0
20260902,1000000000000178,45929474,0,1,238,B,18,F,7381.4,1,7296.61,1,65.04,1,19.75,1
20260825,1000000000000178,45929474,0,46,189,B,2,F,7381.4,1,7381.4,1,0.0,0,0.0,0
20260902,1000000000000179,14957087,0,19,207,A,2,F,1625.0,1,1621.07,1,2.92,1,1.01,1
20260825,1000000000000179,14957087,0,15,205,A,10,S,1625.0,1,1625.0,1,0.0,0,0.0,0
20260902,1000000000000180,72982807,0,13,183,B,18,F,13101.86,1,13101.86,1,0.0,0,0.0,0
20260825,1000000000000180,72982807,0,43,187,A,25,F,13101.86,1,13101.86,1,0.0,0,0.0,0
20260902,1000000000000181,91640944,0,21,212,B,25,O,6616.97,1,6616.97,1,0.0,0,0.0,0
20260825,1000000000000181,91640944,0,16,184,A,18,F,6616.97,1,6616.97,1,0.0,0,0.0,0
20260902,1000000000000182,65796147,0,7,197,B,25,F,13427.44,1,13427.44,1,0.0,0,0.0,0
20260825,1000000000000182,65796147,0,28,227,B,18,F,13427.44,1,13427.44,1,0.0,0,0.0,0
20260902,1000000000000183,83465365,0,45,239,B,18,F,2051.63,1,2051.63,1,0.0,0,0.0,0
20260825,1000000000000183,83465365,0,48,213,A,25,O,2051.63,1,2051.63,1,0.0,0,0.0,0
20260902,1000000000000184,74914236,0,49,183,B,25,F,6997.55,1,6997.55,1,0.0,0,0.0,0
20260825,1000000000000184,74914236,0,39,218,A,18,S,6997.55,1,6997.55,1,0.0,0,0.0,0
20260902,1000000000000185,79983564,0,28,205,B,18,S,9667.66,1,9667.66,1,0.0,0,0.0,0
20260825,1000000000000185,79983564,0,27,202,A,2,S,9667.66,1,9667.66,1,0.0,0,0.0,0
20260902,1000000000000186,63940074,0,1,227,A,25,O,18252.93,1,18252.93,1,0.0,0,0.0,0
20260825,1000000000000186,63940074,0,46,208,A,25,S,18252.93,1,18252.93,1,0.0,0,0.0,0
20260902,1000000000000187,36907194,0,3,230,A,18,F,18274.63,1,18274.63,1,0.0,0,0.0,0
20260825,1000000000000187,36907194,0,17,190,B,2,O,18274.63,1,18274.63,1,0.0,0,0.0,0
20260902,1000000000000188,42772218,0,17,219,B,18,O,8134.0,1,8134.0,1,0.0,0,0.0,0
20260825,1000000000000188,42772218,0,10,248,B,2,F,8134.0,1,7919.96,1,209.57,1,4.47,1
20260902,1000000000000189,68278926,0,23,210,B,10,O,5908.28,1,5908.28,1,0.0,0,0.0,0
20260825,1000000000000189,68278926,0,5,197,B,2,S,5908.28,1,5908.28,1,0.0,0,0.0,0
20260902,1000000000000190,49500612,0,41,195,A,2,S,8201.05,1,8201.05,1,0.0,0,0.0,0
20260825,1000000000000190,49500612,0,23,237,A,18,F,8201.05,1,8201.05,1,0.0,0,0.0,0
20260902,1000000000000191,71443076,0,16,174,B,18,S,22335.44,1,22335.44,1,0.0,0,0.0,0
20260825,1000000000000191,71443076,0,46,187,B,25,F,22335.44,1,22335.44,1,0.0,0,0.0,0
20260902,1000000000000192,97577092,0,17,244,A,2,O,12176.47,1,11729.79,1,349.0,1,97.68,1
20260825,1000000000000192,97577092,0,5,222,A,25,F,12176.47,1,12176.47,1,0.0,0,0.0,0
20260902,1000000000000193,91113368,0,1,208,A,25,S,22307.66,1,22307.66,1,0.0,0,0.0,0
20260825,1000000000000193,91113368,0,8,192,B,10,F,22307.66,1,22307.66,1,0.0,0,0.0,0
20260902,1000000000000194,54779565,0,48,203,A,25,S,21600.62,1,21600.62,1,0.0,0,0.0,0
20260825,1000000000000194,54779565,0,26,172,B,25,O,21600.62,1,21600.62,1,0.0,0,0.0,0
20260902,1000000000000195,31554962,0,27,244,B,2,O,17327.07,1,16552.6,1,640.98,1,133.49,1
20260825,1000000000000195,31554962,0,42,244,A,10,O,17327.07,1,17327.07,1,0.0,0,0.0,0
20260902,1000000000000196,72535301,0,2,228,A,18,S,32932.64,1,32932.64,1,0.0,0,0.0,0
20260825,1000000000000196,72535301,0,34,207,A,2,S,32932.64,1,32932.64,1,0.0,0,0.0,0
20260902,1000000000000197,77563757,0,38,197,B,10,S,21694.27,1,21694.27,1,0.0,0,0.0,0
20260825,1000000000000197,77563757,0,46,200,A,18,O,21694.27,1,21694.27,1,0.0,0,0.0,0
20260902,1000000000000198,93858663,0,17,231,B,10,O,15465.12,1,15465.12,1,0.0,0,0.0,0
20260825,1000000000000198,93858663,0,42,250,B,10,S,15465.12,1,15465.12,1,0.0,0,0.0,0
20260902,1000000000000199,89231027,0,34,174,A,25,S,8565.02,1,8565.02,1,0.0,0,0.0,0
20260825,1000000000000199,89231027,0,34,227,B,18,S,8565.02,1,8565.02,1,0.0,0,0.0,0
20260902,1000000000000200,28208520,0,11,203,B,10,F,7228.29,1,7228.29,1,0.0,0,0.0,0
20260825,1000000000000200,28208520,0,8,248,B,18,F,7228.29,1,7228.29,1,0.0,0,0.0,0
20260902,1000000000000201,86132626,0,38,207,A,10,S,2867.73,1,2867.73,1,0.0,0,0.0,0
20260825,1000000000000201,86132626,0,23,233,B,18,F,2867.73,1,2743.04,1,111.8,1,12.89,1
20260902,1000000000000202,78509294,0,36,249,B,10,O,3938.1,1,3938.1,1,0.0,0,0.0,0
20260825,1000000000000202,78509294,0,49,221,A,2,O,3938.1,1,3938.1,1,0.0,0,0.0,0
20260902,1000000000000203,65888148,0,35,201,B,18,O,4230.47,1,4230.47,1,0.0,0,0.0,0
20260825,1000000000000203,65888148,0,39,217,B,18,F,4230.47,1,4069.71,1,132.96,1,27.8,1
20260902,1000000000000204,42271567,0,46,198,B,18,O,1450.0,1,1438.56,1,9.3,1,2.14,1
20260825,1000000000000204,42271567,0,50,214,B,10,S,1450.0,1,1450.0,1,0.0,0,0.0,0
20260902,1000000000000205,35752970,0,30,242,A,2,S,11492.23,1,11492.23,1,0.0,0,0.0,0
20260825,1000000000000205,35752970,0,22,238,B,10,S,11492.23,1,11492.23,1,0.0,0,0.0,0
20260902,1000000000000206,38000749,0,28,240,A,10,O,16926.69,1,16926.69,1,0.0,0,0.0,0
20260825,1000000000000206,38000749,0,29,181,A,2,O,16926.69,1,16926.69,1,0.0,0,0.0,0
20260902,1000000000000207,60138147,2,30,149,C,18,O,1082.51,1,583.64,1,447.87,1,51.0,1
20260825,1000000000000207,60138147,2,9,117,B,10,S,1082.51,1,518.48,1,346.64,1,217.39,1
20260902,1000000000000208,37789808,0,12,219,A,10,F,2402.0,1,2298.93,1,78.01,1,25.06,1
20260825,1000000000000208,37789808,0,36,197,B,18,F,2402.0,1,2402.0,1,0.0,0,0.0,0
20260902,1000000000000209,23785264,0,16,177,B,18,S,7647.38,1,7647.38,1,0.0,0,0.0,0
20260825,1000000000000209,23785264,0,30,248,A,18,S,7647.38,1,7647.38,1,0.0,0,0.0,0
20260902,1000000000000210,58898211,0,21,229,A,10,F,18370.99,1,18370.99,1,0.0,0,0.0,0
20260825,1000000000000210,58898211,0,18,199,B,10,F,18370.99,1,18370.99,1,0.0,0,0.0,0
20260902,1000000000000211,12760674,0,31,201,B,18,O,2700.0,1,2700.0,1,0.0,0,0.0,0
20260825,1000000000000211,12760674,0,8,245,A,25,O,2700.0,1,2685.73,1,8.65,1,5.62,1
20260902,1000000000000212,98227915,0,26,232,A,25,S,21461.81,1,21461.81,1,0.0,0,0.0,0
20260825,1000000000000212,98227915,0,13,238,A,10,S,21461.81,1,21461.81,1,0.0,0,0.0,0
20260902,1000000000000213,27893746,4,15,125,D,2,S,11397.18,1,3247.18,1,7573.23,1,576.77,1
20260825,1000000000000213,27893746,4,2,148,C,18,S,11397.18,1,2942.56,1,5141.91,1,3312.71,1
20260902,1000000000000214,46552130,0,1,176,B,18,S,2061.86,1,2061.86,1,0.0,0,0.0,0
20260825,1000000000000214,46552130,0,8,196,A,10,O,2061.86,1,2061.86,1,0.0,0,0.0,0
20260902,1000000000000215,13027878,0,49,233,B,25,O,5336.44,1,5336.44,1,0.0,0,0.0,0
20260825,1000000000000215,13027878,0,9,220,A,25,S,5336.44,1,5336.44,1,0.0,0,0.0,0
20260902,1000000000000216,48832971,0,46,208,B,10,F,11863.35,1,11863.35,1,0.0,0,0.0,0
20260825,1000000000000216,48832971,0,13,230,A,18,O,11863.35,1,11863.35,1,0.0,0,0.0,0
20260902,1000000000000217,28451000,0,9,173,A,25,O,8076.75,1,8076.75,1,0.0,0,0.0,0
20260825,1000000000000217,28451000,0,30,203,A,2,S,8076.75,1,8076.75,1,0.0,0,0.0,0
20260902,1000000000000218,71771191,0,13,213,A,10,S,3536.73,1,3536.73,1,0.0,0,0.0,0
20260825,1000000000000218,71771191,0,31,173,A,25,S,3536.73,1,3536.73,1,0.0,0,0.0,0
20260902,1000000000000219,49765631,0,15,233,B,18,O,6856.86,1,6856.86,1,0.0,0,0.0,0
20260825,1000000000000219,49765631,0,7,247,A,18,F,6856.86,1,6856.86,1,0.0,0,0.0,0
20260902,1000000000000220,17612531,0,29,179,A,25,S,6637.96,1,6637.96,1,0.0,0,0.0,0
20260825,1000000000000220,17612531,0,9,178,A,25,S,6637.96,1,6637.96,1,0.0,0,0.0,0
20260902,1000000000000221,40218464,0,23,183,A,25,S,12825.21,1,12825.21,1,0.0,0,0.0,0
20260825,1000000000000221,40218464,0,31,181,B,2,S,12825.21,1,12825.21,1,0.0,0,0.0,0
20260902,1000000000000222,18167678,2,5,129,B,18,O,6053.04,1,2621.76,1,3273.5,1,157.78,1
20260825,1000000000000222,18167678,2,39,118,B,18,F,6053.04,1,2696.96,1,3184.18,1,171.9,1
20260902,1000000000000223,84669791,0,46,228,A,10,S,8873.34,1,8873.34,1,0.0,0,0.0,0
20260825,1000000000000223,84669791,0,40,232,B,18,O,8873.34,1,8873.34,1,0.0,0,0.0,0
20260902,1000000000000224,11994033,2,49,161,B,25,S,4747.7,1,2551.84,1,1954.51,1,241.35,1
20260825,1000000000000224,11994033,2,30,151,B,25,O,4747.7,1,2004.15,1,2348.35,1,395.2,1
20260902,1000000000000225,93114754,3,50,105,B,18,F,17487.84,1,5146.2,1,9103.41,1,3238.23,1
20260825,1000000000000225,93114754,3,7,133,B,18,S,17487.84,1,5205.95,1,9940.45,1,2341.44,1
20260902,1000000000000226,32968631,0,23,175,B,25,S,7855.38,1,7855.38,1,0.0,0,0.0,0
20260825,1000000000000226,32968631,0,10,176,B,2,S,7855.38,1,7855.38,1,0.0,0,0.0,0
20260902,1000000000000227,65660855,0,37,198,A,18,O,3773.13,1,3773.13,1,0.0,0,0.0,0
20260825,1000000000000227,65660855,0,46,192,A,2,O,3773.13,1,3773.13,1,0.0,0,0.0,0
20260902,1000000000000228,76473996,0,10,192,B,2,O,1650.0,1,1650.0,1,0.0,0,0.0,0
20260825,1000000000000228,76473996,0,43,244,A,2,O,1650.0,1,1650.0,1,0.0,0,0.0,0
20260902,1000000000000229,15758374,2,20,139,C,25,S,28808.03,1,14639.5,1,10228.7,1,3939.83,1
20260825,1000000000000229,15758374,2,38,170,C,18,S,28808.03,1,13400.97,1,12928.16,1,2478.9,1
20260902,1000000000000230,80121606,2,15,140,C,10,S,5944.18,1,3040.93,1,2593.35,1,309.9,1
20260825,1000000000000230,80121606,2,37,151,B,10,F,5944.18,1,2693.76,1,2523.83,1,726.59,1
20260902,1000000000000231,75937854,3,26,135,B,10,O,15859.31,1,6664.32,1,5793.34,1,3401.65,1
20260825,1000000000000231,75937854,3,47,151,B,25,O,15859.31,1,4740.84,1,10913.07,1,205.4,1
20260902,1000000000000232,19338435,0,28,183,A,18,S,8027.29,1,7968.24,1,59.01,1,0.04,1
20260825,1000000000000232,19338435,0,8,185,B,10,F,8027.29,1,8027.29,1,0.0,0,0.0,0
20260902,1000000000000233,26537057,0,20,192,B,10,F,2025.0,1,2025.0,1,0.0,0,0.0,0
20260825,1000000000000233,26537057,0,15,199,B,2,O,2025.0,1,2025.0,1,0.0,0,0.0,0
20260902,1000000000000234,43597595,0,16,247,B,25,S,2018.5,1,2018.5,1,0.0,0,0.0,0
20260825,1000000000000234,43597595,0,15,235,A,2,S,2018.5,1,2018.5,1,0.0,0,0.0,0
20260902,1000000000000235,61548700,0,9,183,A,10,S,2275.0,1,2275.0,1,0.0,0,0.0,0
20260825,1000000000000235,61548700,0,12,216,A,10,O,2275.0,1,2275.0,1,0.0,0,0.0,0
20260902,1000000000000236,77928050,2,29,105,C,10,S,1100.0,1,567.22,1,374.72,1,158.06,1
20260825,1000000000000236,77928050,2,5,117,B,25,F,1100.0,1,568.95,1,465.1,1,65.95,1
20260902,1000000000000237,29711133,0,19,239,B,10,S,5787.44,1,5787.44,1,0.0,0,0.0,0
20260825,1000000000000237,29711133,0,8,177,B,10,F,5787.44,1,5787.44,1,0.0,0,0.0,0
20260902,1000000000000238,60673912,0,38,195,A,25,S,35794.64,1,35794.64,1,0.0,0,0.0,0
20260825,1000000000000238,60673912,0,5,222,A,10,O,35794.64,1,35794.64,1,0.0,0,0.0,0
20260902,1000000000000239,11137995,0,3,240,B,25,F,4501.93,1,4501.93,1,0.0,0,0.0,0
20260825,1000000000000239,11137995,0,7,208,A,10,S,4501.93,1,4501.93,1,0.0,0,0.0,0
20260902,1000000000000240,33525469,0,22,228,A,25,O,11017.11,1,11017.11,1,0.0,0,0.0,0
20260825,1000000000000240,33525469,0,8,179,B,18,F,11017.11,1,11017.11,1,0.0,0,0.0,0
20260902,1000000000000241,77042902,0,3,227,A,10,F,11957.38,1,11957.38,1,0.0,0,0.0,0
20260825,1000000000000241,77042902,0,29,219,A,10,O,11957.38,1,11957.38,1,0.0,0,0.0,0
20260902,1000000000000242,71765956,0,7,223,A,18,F,11089.19,1,11089.19,1,0.0,0,0.0,0
20260825,1000000000000242,71765956,0,19,172,A,2,F,11089.19,1,11089.19,1,0.0,0,0.0,0
20260902,1000000000000243,12401865,0,45,237,A,18,F,10448.12,1,10448.12,1,0.0,0,0.0,0
20260825,1000000000000243,12401865,0,44,186,B,2,F,10448.12,1,10098.46,1,327.48,1,22.18,1
20260902,1000000000000244,62511584,0,10,187,A,2,S,500.0,1,500.0,1,0.0,0,0.0,0
20260825,1000000000000244,62511584,0,13,170,A,2,O,500.0,1,500.0,1,0.0,0,0.0,0
20260902,1000000000000245,83016039,0,17,192,B,25,S,13019.74,1,13019.74,1,0.0,0,0.0,0
20260825,1000000000000245,83016039,0,27,231,B,25,S,13019.74,1,13019.74,1,0.0,0,0.0,0
20260902,1000000000000246,93884706,0,28,219,A,18,F,4934.01,1,4934.01,1,0.0,0,0.0,0
20260825,1000000000000246,93884706,0,50,215,A,25,S,4934.01,1,4934.01,1,0.0,0,0.0,0
20260902,1000000000000247,43725117,0,41,192,B,18,S,14216.79,1,14216.79,1,0.0,0,0.0,0
20260825,1000000000000247,43725117,0,5,225,B,10,O,14216.79,1,14216.79,1,0.0,0,0.0,0
20260902,1000000000000248,88388417,0,7,237,B,18,F,7412.5,1,7412.5,1,0.0,0,0.0,0
20260825,1000000000000248,88388417,0,27,180,B,18,F,7412.5,1,7412.5,1,0.0,0,0.0,0
20260902,1000000000000249,66343204,0,21,224,B,10,O,7100.45,1,7100.45,1,0.0,0,0.0,0
20260825,1000000000000249,66343204,0,26,218,B,2,S,7100.45,1,7100.45,1,0.0,0,0.0,0
20260902,1000000000000250,69922335,0,29,202,B,2,F,11676.22,1,11676.22,1,0.0,0,0.0,0
20260825,1000000000000250,69922335,0,19,187,A,10,O,11676.22,1,11676.22,1,0.0,0,0.0,0
20260902,1000000000000251,77796914,0,25,232,B,2,F,15277.97,1,15277.97,1,0.0,0,0.0,0
20260825,1000000000000251,77796914,0,25,198,B,18,F,15277.97,1,15277.97,1,0.0,0,0.0,0
20260902,1000000000000252,53047104,0,49,176,A,10,O,8091.67,1,8091.67,1,0.0,0,0.0,0
20260825,1000000000000252,53047104,0,49,195,B,2,O,8091.67,1,8091.67,1,0.0,0,0.0,0
20260902,1000000000000253,73847325,0,21,249,A,10,O,18829.72,1,18829.72,1,0.0,0,0.0,0
20260825,1000000000000253,73847325,0,22,174,A,10,O,18829.72,1,18829.72,1,0.0,0,0.0,0
20260902,1000000000000254,41596688,1,19,154,B,25,F,8630.83,1,5177.96,1,3153.87,1,299.0,1
20260825,1000000000000254,41596688,1,33,145,C,25,S,8630.83,1,5530.08,1,2741.34,1,359.41,1
20260902,1000000000000255,18955224,3,2,156,B,10,F,18024.04,1,7194.1,1,6846.23,1,3983.71,1
20260825,1000000000000255,18955224,3,38,153,B,18,O,18024.04,1,5843.15,1,11171.71,1,1009.18,1
20260902,1000000000000256,51505175,0,10,225,B,10,F,9184.41,1,9184.41,1,0.0,0,0.0,0
20260825,1000000000000256,51505175,0,16,175,B,25,O,9184.41,1,9184.41,1,0.0,0,0.0,0
20260902,1000000000000257,91146290,0,17,223,A,10,F,4748.31,1,4748.31,1,0.0,0,0.0,0
20260825,1000000000000257,91146290,0,14,249,B,2,S,4748.31,1,4613.82,1,128.8,1,5.69,1
20260902,1000000000000258,27198990,2,7,161,C,25,F,11248.86,1,6042.81,1,4808.78,1,397.27,1
20260825,1000000000000258,27198990,2,2,137,C,2,S,11248.86,1,5864.11,1,3545.02,1,1839.73,1
20260902,1000000000000259,66678771,0,47,248,B,25,F,3081.1,1,3081.1,1,0.0,0,0.0,0
20260825,1000000000000259,66678771,0,36,184,B,18,S,3081.1,1,3005.87,1,53.42,1,21.81,1
20260902,1000000000000260,91938786,0,17,192,B,18,O,3803.6,1,3629.01,1,171.87,1,2.72,1
20260825,1000000000000260,91938786,0,36,175,B,2,O,3803.6,1,3803.6,1,0.0,0,0.0,0
20260902,1000000000000261,82606072,2,45,129,C,18,F,7199.84,1,3345.64,1,3708.43,1,145.77,1
20260825,1000000000000261,82606072,2,27,111,C,10,S,7199.84,1,3983.78,1,2773.6,1,442.46,1
20260902,1000000000000262,52358308,0,30,187,A,10,S,21988.21,1,21396.47,1,381.46,1,210.28,1
20260825,1000000000000262,52358308,0,11,215,B,10,F,21988.21,1,21581.84,1,298.04,1,108.33,1
20260902,1000000000000263,76080806,0,50,176,A,2,S,9031.74,1,8916.84,1,91.28,1,23.62,1
20260825,1000000000000263,76080806,0,11,241,B,10,O,9031.74,1,9031.74,1,0.0,0,0.0,0
20260902,1000000000000264,70606217,0,21,243,B,25,S,12794.16,1,12794.16,1,0.0,0,0.0,0
20260825,1000000000000264,70606217,0,41,209,B,25,F,12794.16,1,12794.16,1,0.0,0,0.0,0
20260902,1000000000000265,77869489,2,14,128,C,25,O,24351.9,1,13034.67,1,7916.53,1,3400.7,1
20260825,1000000000000265,77869489,2,26,135,B,25,F,24351.9,1,10047.09,1,14297.4,1,7.41,1
20260902,1000000000000266,82956480,0,34,202,B,10,O,2750.0,1,2750.0,1,0.0,0,0.0,0
20260825,1000000000000266,82956480,0,40,219,A,25,O,2750.0,1,2750.0,1,0.0,0,0.0,0
20260902,1000000000000267,13576520,0,2,177,A,18,S,6837.76,1,6837.76,1,0.0,0,0.0,0
20260825,1000000000000267,13576520,0,44,238,B,25,O,6837.76,1,6837.76,1,0.0,0,0.0,0
20260902,1000000000000268,35730441,0,15,209,B,10,O,4176.27,1,4176.27,1,0.0,0,0.0,0
20260825,1000000000000268,35730441,0,45,171,A,25,O,4176.27,1,4176.27,1,0.0,0,0.0,0
20260902,1000000000000269,14635678,3,18,164,C,18,S,3429.57,1,1420.36,1,1803.77,1,205.44,1
20260825,1000000000000269,14635678,3,30,102,C,10,O,3429.57,1,1061.13,1,1802.89,1,565.55,1
20260902,1000000000000270,26111256,0,5,181,A,10,S,2377.04,1,2377.04,1,0.0,0,0.0,0
20260825,1000000000000270,26111256,0,36,197,B,10,O,2377.04,1,2377.04,1,0.0,0,0.0,0
20260902,1000000000000271,53176515,0,26,172,A,2,S,4523.74,1,4523.74,1,0.0,0,0.0,0
20260825,1000000000000271,53176515,0,17,217,B,18,S,4523.74,1,4523.74,1,0.0,0,0.0,0
20260902,1000000000000272,37026210,1,14,170,C,18,F,3247.82,1,1910.44,1,1210.84,1,126.54,1
20260825,1000000000000272,37026210,1,49,141,C,18,O,3247.82,1,1774.85,1,1272.67,1,200.3,1
20260902,1000000000000273,70416623,0,6,237,B,25,O,7182.39,1,7182.39,1,0.0,0,0.0,0
20260825,1000000000000273,70416623,0,26,240,A,2,S,7182.39,1,7182.39,1,0.0,0,0.0,0
20260902,1000000000000274,11709239,0,36,175,A,25,S,4380.12,1,4380.12,1,0.0,0,0.0,0
20260825,1000000000000274,11709239,0,25,178,A,10,O,4380.12,1,4380.12,1,0.0,0,0.0,0
20260902,1000000000000275,17159313,0,45,223,B,25,O,18859.43,1,18859.43,1,0.0,0,0.0,0
20260825,1000000000000275,17159313,0,24,208,A,10,F,18859.43,1,18859.43,1,0.0,0,0.0,0
20260902,1000000000000276,39380829,0,2,179,A,25,O,6164.38,1,6164.38,1,0.0,0,0.0,0
20260825,1000000000000276,39380829,0,27,249,B,18,S,6164.38,1,6164.38,1,0.0,0,0.0,0
20260902,1000000000000277,20741296,0,25,189,B,18,S,6731.35,1,6731.35,1,0.0,0,0.0,0
20260825,1000000000000277,20741296,0,7,248,A,18,O,6731.35,1,6731.35,1,0.0,0,0.0,0
20260902,1000000000000278,70116087,2,10,164,C,25,F,5998.28,1,3129.88,1,2219.5,1,648.9,1
20260825,1000000000000278,70116087,2,6,149,C,18,O,5998.28,1,2785.12,1,2274.6,1,938.56,1
20260902,1000000000000279,35808537,0,47,173,B,10,F,7495.9,1,7495.9,1,0.0,0,0.0,0
20260825,1000000000000279,35808537,0,28,228,A,10,F,7495.9,1,7495.9,1,0.0,0,0.0,0
20260902,1000000000000280,37653004,3,6,160,B,25,S,1970.41,1,732.42,1,996.6,1,241.39,1
20260825,1000000000000280,37653004,3,1,124,C,18,S,1970.41,1,854.56,1,903.96,1,211.89,1
20260902,1000000000000281,50902313,0,29,201,B,25,S,5212.89,1,5212.89,1,0.0,0,0.0,0
20260825,1000000000000281,50902313,0,28,213,B,25,S,5212.89,1,5212.89,1,0.0,0,0.0,0
20260902,1000000000000282,23624482,0,49,217,B,10,F,21505.74,1,21505.74,1,0.0,0,0.0,0
20260825,1000000000000282,23624482,0,14,237,A,18,S,21505.74,1,21505.74,1,0.0,0,0.0,0
20260902,1000000000000283,68199184,0,6,202,A,18,F,1875.0,1,1875.0,1,0.0,0,0.0,0
20260825,1000000000000283,68199184,0,13,205,B,2,O,1875.0,1,1875.0,1,0.0,0,0.0,0
20260902,1000000000000284,33141106,2,10,143,C,2,F,13788.77,1,6011.46,1,5914.78,1,1862.53,1
20260825,1000000000000284,33141106,2,34,120,C,10,S,13788.77,1,6870.15,1,6536.91,1,381.71,1
20260902,1000000000000285,64591401,0,38,233,A,2,F,1450.0,1,1387.78,1,41.04,1,21.18,1
20260825,1000000000000285,64591401,0,32,222,B,2,S,1450.0,1,1450.0,1,0.0,0,0.0,0
20260902,1000000000000286,42251899,0,48,187,B,10,F,6656.91,1,6656.91,1,0.0,0,0.0,0
20260825,1000000000000286,42251899,0,49,180,A,10,S,6656.91,1,6656.91,1,0.0,0,0.0,0
20260902,1000000000000287,46779653,3,34,146,B,25,O,10322.21,1,3984.35,1,6114.38,1,223.48,1
20260825,1000000000000287,46779653,3,37,107,C,2,O,10322.21,1,3084.62,1,5049.27,1,2188.32,1
20260902,1000000000000288,87942217,0,44,188,A,2,O,5284.07,1,5284.07,1,0.0,0,0.0,0
20260825,1000000000000288,87942217,0,12,244,A,10,F,5284.07,1,5284.07,1,0.0,0,0.0,0
20260902,1000000000000289,57281846,0,18,170,A,2,F,3254.57,1,3254.57,1,0.0,0,0.0,0
20260825,1000000000000289,57281846,0,22,175,A,10,S,3254.57,1,3254.57,1,0.0,0,0.0,0
20260902,1000000000000290,52328756,0,26,228,B,10,F,5275.9,1,5275.9,1,0.0,0,0.0,0
20260825,1000000000000290,52328756,0,36,247,A,18,S,5275.9,1,5275.9,1,0.0,0,0.0,0
20260902,1000000000000291,79732104,0,42,230,B,18,O,1700.0,1,1700.0,1,0.0,0,0.0,0
20260825,1000000000000291,79732104,0,22,211,A,10,S,1700.0,1,1700.0,1,0.0,0,0.0,0
20260902,1000000000000292,14147507,0,13,246,B,10,F,13099.41,1,13099.41,1,0.0,0,0.0,0
20260825,1000000000000292,14147507,0,12,238,A,10,F,13099.41,1,13099.41,1,0.0,0,0.0,0
20260902,1000000000000293,81468290,0,30,245,B,10,O,10302.94,1,10302.94,1,0.0,0,0.0,0
20260825,1000000000000293,81468290,0,29,174,A,10,O,10302.94,1,10302.94,1,0.0,0,0.0,0
20260902,1000000000000294,72571790,0,16,210,A,18,O,18289.07,1,18289.07,1,0.0,0,0.0,0
20260825,1000000000000294,72571790,0,3,189,B,18,O,18289.07,1,18289.07,1,0.0,0,0.0,0
20260902,1000000000000295,99482460,1,5,145,C,25,O,8451.59,1,5146.97,1,2413.46,1,891.16,1
20260825,1000000000000295,99482460,1,27,140,C,2,O,8451.59,1,5400.59,1,2364.8,1,686.2,1
20260902,1000000000000296,19147043,0,17,213,A,18,S,10636.56,1,10636.56,1,0.0,0,0.0,0
20260825,1000000000000296,19147043,0,5,199,A,10,F,10636.56,1,10636.56,1,0.0,0,0.0,0
20260902,1000000000000297,63051354,0,17,189,B,25,O,10089.51,1,10089.51,1,0.0,0,0.0,0
20260825,1000000000000297,63051354,0,17,225,A,10,S,10089.51,1,10089.51,1,0.0,0,0.0,0
20260902,1000000000000298,74653058,0,46,208,B,18,O,1750.0,1,1750.0,1,0.0,0,0.0,0
20260825,1000000000000298,74653058,0,11,218,A,18,S,1750.0,1,1750.0,1,0.0,0,0.0,0
20260902,1000000000000299,19485174,1,45,167,C,18,F,11232.62,1,6157.85,1,3201.85,1,1872.92,1
20260825,1000000000000299,19485174,1,10,149,C,2,O,11232.62,1,6635.61,1,3720.36,1,876.65,1
20260902,1000000000000300,17871573,4,40,159,C,10,O,4833.58,1,846.73,1,3467.9,1,518.95,1
20260825,1000000000000300,17871573,4,14,119,D,25,O,4833.58,1,1251.71,1,3196.35,1,385.52,1
20260902,1000000000000301,76147579,0,48,211,B,2,F,14177.72,1,14177.72,1,0.0,0,0.0,0
20260825,1000000000000301,76147579,0,1,172,B,18,S,14177.72,1,14177.72,1,0.0,0,0.0,0
20260902,1000000000000302,19751809,0,45,232,B,10,O,19822.69,1,19822.69,1,0.0,0,0.0,0
20260825,1000000000000302,19751809,0,35,196,A,10,O,19822.69,1,19822.69,1,0.0,0,0.0,0
20260902,1000000000000303,68350056,0,39,190,B,25,F,8453.47,1,8453.47,1,0.0,0,0.0,0
20260825,1000000000000303,68350056,0,38,250,A,2,F,8453.47,1,8453.47,1,0.0,0,0.0,0
20260902,1000000000000304,11736679,0,23,208,A,10,F,13882.74,1,13882.74,1,0.0,0,0.0,0
20260825,1000000000000304,11736679,0,29,190,B,25,S,13882.74,1,13882.74,1,0.0,0,0.0,0
20260902,1000000000000305,64340604,0,30,200,A,2,F,6419.6,1,6419.6,1,0.0,0,0.0,0
20260825,1000000000000305,64340604,0,49,207,B,25,S,6419.6,1,6419.6,1,0.0,0,0.0,0
20260902,1000000000000306,52118748,0,20,170,A,2,O,1975.0,1,1886.88,1,81.33,1,6.79,1
20260825,1000000000000306,52118748,0,49,225,A,2,O,1975.0,1,1975.0,1,0.0,0,0.0,0
20260902,1000000000000307,80767121,0,35,217,A,2,O,1800.0,1,1800.0,1,0.0,0,0.0,0
20260825,1000000000000307,80767121,0,2,235,B,2,O,1800.0,1,1800.0,1,0.0,0,0.0,0
20260902,1000000000000308,94061862,1,46,152,C,2,F,5247.63,1,3445.64,1,1220.76,1,581.23,1
20260825,1000000000000308,94061862,1,17,159,C,10,O,5247.63,1,3565.95,1,1245.94,1,435.74,1
20260902,1000000000000309,76393065,0,19,222,A,18,F,16415.89,1,16415.89,1,0.0,0,0.0,0
20260825,1000000000000309,76393065,0,40,248,B,2,S,16415.89,1,16415.89,1,0.0,0,0.0,0
20260902,1000000000000310,20298660,0,27,218,A,18,S,2078.88,1,2078.88,1,0.0,0,0.0,0
20260825,1000000000000310,20298660,0,38,194,A,18,F,2078.88,1,2075.73,1,2.71,1,0.44,1
20260902,1000000000000311,94289287,0,35,186,A,2,O,2575.0,1,2575.0,1,0.0,0,0.0,0
20260825,1000000000000311,94289287,0,24,184,B,10,S,2575.0,1,2575.0,1,0.0,0,0.0,0
20260902,1000000000000312,44143101,0,18,200,A,25,F,20525.27,1,20525.27,1,0.0,0,0.0,0
20260825,1000000000000312,44143101,0,40,218,B,25,O,20525.27,1,20525.27,1,0.0,0,0.0,0
20260902,1000000000000313,17356680,0,23,216,A,2,F,14653.61,1,14653.61,1,0.0,0,0.0,0
20260825,1000000000000313,17356680,0,28,209,B,25,S,14653.61,1,14653.61,1,0.0,0,0.0,0
20260902,1000000000000314,83287085,0,35,232,B,10,O,2931.23,1,2931.23,1,0.0,0,0.0,0
20260825,1000000000000314,83287085,0,35,194,A,18,S,2931.23,1,2931.23,1,0.0,0,0.0,0
20260902,1000000000000315,79013190,0,8,190,B,18,O,9327.25,1,9327.25,1,0.0,0,0.0,0
20260825,1000000000000315,79013190,0,43,230,B,18,S,9327.25,1,9327.25,1,0.0,0,0.0,0
20260902,1000000000000316,34673455,0,47,224,A,25,F,17340.38,1,17340.38,1,0.0,0,0.0,0
20260825,1000000000000316,34673455,0,9,242,A,25,O,17340.38,1,17340.38,1,0.0,0,0.0,0
20260902,1000000000000317,67718032,0,38,180,B,25,S,1950.0,1,1950.0,1,0.0,0,0.0,0
20260825,1000000000000317,67718032,0,41,236,B,10,F,1950.0,1,1950.0,1,0.0,0,0.0,0
20260902,1000000000000318,97347561,0,46,212,A,18,S,21373.65,1,21373.65,1,0.0,0,0.0,0
20260825,1000000000000318,97347561,0,37,221,B,25,F,21373.65,1,21373.65,1,0.0,0,0.0,0
20260902,1000000000000319,73257925,2,39,124,B,2,O,10328.59,1,4541.39,1,3862.1,1,1925.1,1
20260825,1000000000000319,73257925,2,14,144,B,25,F,10328.59,1,4559.24,1,3472.86,1,2296.49,1
20260902,1000000000000320,56541891,0,48,228,B,2,F,8991.5,1,8991.5,1,0.0,0,0.0,0
20260825,1000000000000320,56541891,0,44,234,A,10,F,8991.5,1,8991.5,1,0.0,0,0.0,0
20260902,1000000000000321,88659013,0,23,248,A,10,F,8071.2,1,8071.2,1,0.0,0,0.0,0
20260825,1000000000000321,88659013,0,37,214,A,10,F,8071.2,1,8071.2,1,0.0,0,0.0,0
20260902,1000000000000322,73145218,0,32,243,B,2,F,9228.39,1,9228.39,1,0.0,0,0.0,0
20260825,1000000000000322,73145218,0,7,194,B,10,O,9228.39,1,9228.39,1,0.0,0,0.0,0
20260902,1000000000000323,22515069,0,12,220,B,18,S,4513.8,1,4513.8,1,0.0,0,0.0,0
20260825,1000000000000323,22515069,0,37,175,A,10,S,4513.8,1,4513.8,1,0.0,0,0.0,0
20260902,1000000000000324,57327826,3,43,143,C,25,F,6284.86,1,2384.83,1,2537.27,1,1362.76,1
20260825,1000000000000324,57327826,3,32,158,C,10,S,6284.86,1,1859.3,1,4263.15,1,162.41,1
20260902,1000000000000325,14452939,0,23,224,B,10,S,4377.56,1,4377.56,1,0.0,0,0.0,0
20260825,1000000000000325,14452939,0,5,202,A,25,O,4377.56,1,4377.56,1,0.0,0,0.0,0
20260902,1000000000000326,97571512,0,24,235,B,2,O,16266.38,1,16266.38,1,0.0,0,0.0,0
20260825,1000000000000326,97571512,0,5,177,B,10,S,16266.38,1,16266.38,1,0.0,0,0.0,0
20260902,1000000000000327,14777311,0,39,242,B,18,S,4844.67,1,4662.65,1,180.5,1,1.52,1
20260825,1000000000000327,14777311,0,34,246,A,18,F,4844.67,1,4844.67,1,0.0,0,0.0,0
20260902,1000000000000328,10096613,0,21,245,B,10,F,8169.03,1,8131.96,1,26.26,1,10.81,1
20260825,1000000000000328,10096613,0,32,229,A,25,O,8169.03,1,7787.79,1,299.31,1,81.93,1
20260902,1000000000000329,61176016,0,34,241,B,10,F,11787.89,1,11787.89,1,0.0,0,0.0,0
20260825,1000000000000329,61176016,0,26,243,A,25,S,11787.89,1,11787.89,1,0.0,0,0.0,0
20260902,1000000000000330,69552653,0,2,237,B,25,O,4880.82,1,4880.82,1,0.0,0,0.0,0
20260825,1000000000000330,69552653,0,38,182,B,2,O,4880.82,1,4880.82,1,0.0,0,0.0,0
20260902,1000000000000331,80516816,0,33,234,A,2,O,3966.66,1,3966.66,1,0.0,0,0.0,0
20260825,1000000000000331,80516816,0,39,195,A,10,S,3966.66,1,3956.71,1,7.45,1,2.5,1
20260902,1000000000000332,17374681,0,32,187,B,10,S,1925.0,1,1902.8,1,16.74,1,5.46,1
20260825,1000000000000332,17374681,0,6,171,A,10,S,1925.0,1,1925.0,1,0.0,0,0.0,0
20260902,1000000000000333,39278399,0,33,208,A,18,S,9656.53,1,9656.53,1,0.0,0,0.0,0
20260825,1000000000000333,39278399,0,23,183,B,25,S,9656.53,1,9656.53,1,0.0,0,0.0,0
20260902,1000000000000334,84533976,0,42,190,A,2,O,7930.46,1,7930.46,1,0.0,0,0.0,0
20260825,1000000000000334,84533976,0,8,186,A,18,F,7930.46,1,7673.78,1,225.39,1,31.29,1
20260902,1000000000000335,72253751,0,48,222,A,10,S,26501.84,1,26501.84,1,0.0,0,0.0,0
20260825,1000000000000335,72253751,0,24,182,B,18,O,26501.84,1,26501.84,1,0.0,0,0.0,0
20260902,1000000000000336,45798991,0,7,213,B,18,F,19198.47,1,19198.47,1,0.0,0,0.0,0
20260825,1000000000000336,45798991,0,32,211,B,18,S,19198.47,1,19198.47,1,0.0,0,0.0,0
20260902,1000000000000337,61909143,0,2,190,B,10,O,24010.52,1,24010.52,1,0.0,0,0.0,0
20260825,1000000000000337,61909143,0,41,239,A,10,O,24010.52,1,24010.52,1,0.0,0,0.0,0
20260902,1000000000000338,79861397,2,6,162,C,10,S,9126.64,1,5062.67,1,2595.08,1,1468.89,1
20260825,1000000000000338,79861397,2,47,154,C,10,S,9126.64,1,4048.23,1,4145.32,1,933.09,1
20260902,1000000000000339,42666924,0,42,178,A,18,S,9270.77,1,9270.77,1,0.0,0,0.0,0
20260825,1000000000000339,42666924,0,35,225,B,25,F,9270.77,1,9270.77,1,0.0,0,0.0,0
20260902,1000000000000340,62644474,4,40,119,C,10,F,7213.78,1,1910.91,1,4803.53,1,499.34,1
20260825,1000000000000340,62644474,4,16,131,D,18,O,7213.78,1,1776.15,1,3681.42,1,1756.21,1
20260902,1000000000000341,83103396,2,8,124,C,2,O,5103.19,1,2269.27,1,2467.23,1,366.69,1
20260825,1000000000000341,83103396,2,47,155,C,18,F,5103.19,1,2248.82,1,2142.35,1,712.02,1
20260902,1000000000000342,78728528,0,24,211,B,18,F,6862.17,1,6862.17,1,0.0,0,0.0,0
20260825,1000000000000342,78728528,0,43,171,B,25,S,6862.17,1,6862.17,1,0.0,0,0.0,0
20260902,1000000000000343,62723273,0,8,238,A,18,F,15503.51,1,15134.02,1,348.55,1,20.94,1
20260825,1000000000000343,62723273,0,43,183,B,2,F,15503.51,1,15503.51,1,0.0,0,0.0,0
20260902,1000000000000344,42744490,0,47,212,A,25,S,4044.09,1,4044.09,1,0.0,0,0.0,0
20260825,1000000000000344,42744490,0,38,179,A,18,O,4044.09,1,4044.09,1,0.0,0,0.0,0
20260902,1000000000000345,71895093,5,11,166,D,25,S,4617.39,1,336.46,1,3360.32,1,920.61,1
20260825,1000000000000345,71895093,5,49,133,D,25,F,4617.39,1,504.42,1,2713.91,1,1399.06,1
20260902,1000000000000346,20087808,0,22,217,B,25,O,11512.9,1,11512.9,1,0.0,0,0.0,0
20260825,1000000000000346,20087808,0,43,197,A,2,F,11512.9,1,11512.9,1,0.0,0,0.0,0
20260902,1000000000000347,63566423,0,48,204,B,2,O,18466.08,1,18466.08,1,0.0,0,0.0,0
20260825,1000000000000347,63566423,0,33,235,B,18,S,18466.08,1,18148.88,1,204.05,1,113.15,1
20260902,1000000000000348,48501080,1,49,123,C,18,O,10915.56,1,6391.36,1,3365.0,1,1159.2,1
20260825,1000000000000348,48501080,1,31,167,B,10,O,10915.56,1,5837.92,1,4401.52,1,676.12,1
20260902,1000000000000349,27096116,0,17,234,B,2,S,7370.52,1,7370.52,1,0.0,0,0.0,0
20260825,1000000000000349,27096116,0,18,203,A,25,O,7370.52,1,7370.52,1,0.0,0,0.0,0
20260902,1000000000000350,79703656,1,6,153,B,2,S,12915.53,1,7067.46,1,5502.13,1,345.94,1
20260825,1000000000000350,79703656,1,33,110,C,2,F,12915.53,1,6918.93,1,4173.12,1,1823.48,1
20260902,1000000000000351,84758440,0,22,191,A,10,F,1450.0,1,1450.0,1,0.0,0,0.0,0
20260825,1000000000000351,84758440,0,21,194,B,18,O,1450.0,1,1450.0,1,0.0,0,0.0,0
20260902,1000000000000352,37061888,3,35,119,C,2,O,10438.53,1,4331.7,1,5309.6,1,797.23,1
20260825,1000000000000352,37061888,3,39,161,B,25,O,10438.53,1,4043.37,1,4115.92,1,2279.24,1
20260902,1000000000000353,57414455,3,25,160,B,18,F,1075.0,1,441.48,1,484.1,1,149.42,1
20260825,1000000000000353,57414455,3,11,138,B,10,F,1075.0,1,462.51,1,562.61,1,49.88,1
20260902,1000000000000354,29829822,3,11,127,B,18,F,3966.75,1,1214.23,1,2081.88,1,670.64,1
20260825,1000000000000354,29829822,3,47,112,B,10,S,3966.75,1,1233.7,1,1900.18,1,832.87,1
20260902,1000000000000355,22874023,0,46,211,A,2,F,20605.04,1,20605.04,1,0.0,0,0.0,0
20260825,1000000000000355,22874023,0,22,226,B,25,O,20605.04,1,20605.04,1,0.0,0,0.0,0
20260902,1000000000000356,36566437,0,10,197,A,25,F,19259.49,1,19259.49,1,0.0,0,0.0,0
20260825,1000000000000356,36566437,0,39,176,A,2,F,19259.49,1,19259.49,1,0.0,0,0.0,0
20260902,1000000000000357,49954382,0,33,209,B,18,O,1875.0,1,1875.0,1,0.0,0,0.0,0
20260825,1000000000000357,49954382,0,21,247,A,2,F,1875.0,1,1875.0,1,0.0,0,0.0,0
20260902,1000000000000358,70851317,0,18,250,A,10,O,5599.68,1,5599.68,1,0.0,0,0.0,0
20260825,1000000000000358,70851317,0,17,201,A,10,O,5599.68,1,5599.68,1,0.0,0,0.0,0
20260902,1000000000000359,55541542,0,43,185,B,2,O,12701.05,1,12701.05,1,0.0,0,0.0,0
20260825,1000000000000359,55541542,0,44,190,A,2,S,12701.05,1,12357.4,1,341.47,1,2.18,1
20260902,1000000000000360,12195460,0,40,174,A,2,S,15583.72,1,15583.72,1,0.0,0,0.0,0
20260825,1000000000000360,12195460,0,18,205,A,18,O,15583.72,1,15583.72,1,0.0,0,0.0,0
20260902,1000000000000361,98388886,0,50,230,B,10,S,3196.55,1,3196.55,1,0.0,0,0.0,0
20260825,1000000000000361,98388886,0,15,210,A,25,F,3196.55,1,3196.55,1,0.0,0,0.0,0
20260902,1000000000000362,57978862,1,14,122,C,10,F,11991.68,1,6710.19,1,4519.75,1,761.74,1
20260825,1000000000000362,57978862,1,46,141,C,10,O,11991.68,1,6836.58,1,3601.7,1,1553.4,1
20260902,1000000000000363,79625715,0,29,212,A,25,S,9861.81,1,9861.81,1,0.0,0,0.0,0
20260825,1000000000000363,79625715,0,19,213,A,10,F,9861.81,1,9861.81,1,0.0,0,0.0,0
20260902,1000000000000364,22828128,0,8,206,A,10,F,4668.36,1,4668.36,1,0.0,0,0.0,0
20260825,1000000000000364,22828128,0,3,198,A,25,O,4668.36,1,4668.36,1,0.0,0,0.0,0
20260902,1000000000000365,22330471,0,47,223,B,25,S,18908.92,1,18908.92,1,0.0,0,0.0,0
20260825,1000000000000365,22330471,0,7,234,A,25,S,18908.92,1,18908.92,1,0.0,0,0.0,0
20260902,1000000000000366,58180863,0,22,171,B,2,F,10257.44,1,10257.44,1,0.0,0,0.0,0
20260825,1000000000000366,58180863,0,15,170,B,18,O,10257.44,1,9852.43,1,334.13,1,70.88,1
20260902,1000000000000367,31727977,0,50,225,B,25,S,6692.29,1,6692.29,1,0.0,0,0.0,0
20260825,1000000000000367,31727977,0,18,228,A,18,F,6692.29,1,6692.29,1,0.0,0,0.0,0
20260902,1000000000000368,38022091,0,38,203,A,25,S,13320.04,1,13320.04,1,0.0,0,0.0,0
20260825,1000000000000368,38022091,0,30,246,A,2,O,13320.04,1,13320.04,1,0.0,0,0.0,0
20260902,1000000000000369,92455201,0,20,243,A,2,F,8822.48,1,8822.48,1,0.0,0,0.0,0
20260825,1000000000000369,92455201,0,34,219,B,2,S,8822.48,1,8822.48,1,0.0,0,0.0,0
20260902,1000000000000370,26283037,0,17,235,A,2,S,3578.28,1,3578.28,1,0.0,0,0.0,0
20260825,1000000000000370,26283037,0,28,185,B,2,F,3578.28,1,3578.28,1,0.0,0,0.0,0
20260902,1000000000000371,42797531,4,24,145,D,2,O,7459.78,1,1472.16,1,5600.29,1,387.33,1
20260825,1000000000000371,42797531,4,11,113,C,10,S,7459.78,1,2352.64,1,4489.84,1,617.3,1
20260902,1000000000000372,33264613,0,30,216,A,18,O,9493.93,1,9493.93,1,0.0,0,0.0,0
20260825,1000000000000372,33264613,0,30,189,A,18,F,9493.93,1,9493.93,1,0.0,0,0.0,0
20260902,1000000000000373,66179571,0,43,178,B,10,F,15591.65,1,15591.65,1,0.0,0,0.0,0
20260825,1000000000000373,66179571,0,19,210,B,18,F,15591.65,1,15591.65,1,0.0,0,0.0,0
20260902,1000000000000374,40310459,0,45,193,A,10,F,11522.08,1,11522.08,1,0.0,0,0.0,0
20260825,1000000000000374,40310459,0,44,223,A,2,S,11522.08,1,11522.08,1,0.0,0,0.0,0
20260902,1000000000000375,94737304,0,47,221,A,25,O,23392.96,1,23392.96,1,0.0,0,0.0,0
20260825,1000000000000375,94737304,0,22,185,B,10,F,23392.96,1,23392.96,1,0.0,0,0.0,0
20260902,1000000000000376,66250899,0,19,203,B,2,F,14255.8,1,14255.8,1,0.0,0,0.0,0
20260825,1000000000000376,66250899,0,5,192,A,25,S,14255.8,1,14255.8,1,0.0,0,0.0,0
20260902,1000000000000377,10406906,0,38,193,B,2,F,7875.57,1,7875.57,1,0.0,0,0.0,0
20260825,1000000000000377,10406906,0,48,177,A,25,O,7875.57,1,7875.57,1,0.0,0,0.0,0
20260902,1000000000000378,40930568,0,37,179,A,18,O,10500.63,1,10500.63,1,0.0,0,0.0,0
20260825,1000000000000378,40930568,0,22,190,B,18,F,10500.63,1,10500.63,1,0.0,0,0.0,0
20260902,1000000000000379,97322542,0,31,180,B,25,O,14413.49,1,14413.49,1,0.0,0,0.0,0
20260825,1000000000000379,97322542,0,33,220,A,10,O,14413.49,1,14413.49,1,0.0,0,0.0,0
20260902,1000000000000380,97614538,1,38,126,C,25,S,24756.18,1,15403.88,1,8130.91,1,1221.39,1
20260825,1000000000000380,97614538,1,15,105,C,18,F,24756.18,1,14827.78,1,9763.38,1,165.02,1
20260902,1000000000000381,29068207,0,49,174,A,10,F,13686.41,1,13686.41,1,0.0,0,0.0,0
20260825,1000000000000381,29068207,0,8,202,A,18,F,13686.41,1,13686.41,1,0.0,0,0.0,0
20260902,1000000000000382,37448319,0,50,225,B,18,F,4418.47,1,4418.47,1,0.0,0,0.0,0
20260825,1000000000000382,37448319,0,8,234,A,18,O,4418.47,1,4418.47,1,0.0,0,0.0,0
20260902,1000000000000383,80166551,0,29,249,A,10,S,1099.41,1,1099.41,1,0.0,0,0.0,0
20260825,1000000000000383,80166551,0,18,247,A,25,F,1099.41,1,1099.41,1,0.0,0,0.0,0
20260902,1000000000000384,89509411,0,14,232,B,10,F,6681.7,1,6681.7,1,0.0,0,0.0,0
20260825,1000000000000384,89509411,0,1,172,B,10,F,6681.7,1,6681.7,1,0.0,0,0.0,0
20260902,1000000000000385,99019649,3,7,109,C,18,O,13089.25,1,3833.21,1,8760.07,1,495.97,1
20260825,1000000000000385,99019649,3,18,164,C,10,O,13089.25,1,3828.93,1,8050.71,1,1209.61,1
20260902,1000000000000386,39670530,3,29,145,B,25,O,12030.57,1,3990.32,1,5998.47,1,2041.78,1
20260825,1000000000000386,39670530,3,18,137,B,10,O,12030.57,1,4611.23,1,5480.01,1,1939.33,1
20260902,1000000000000387,73791320,0,30,171,A,2,F,1848.71,1,1848.71,1,0.0,0,0.0,0
20260825,1000000000000387,73791320,0,46,210,A,2,O,1848.71,1,1848.71,1,0.0,0,0.0,0
20260902,1000000000000388,71970673,0,2,239,B,10,F,4959.72,1,4959.72,1,0.0,0,0.0,0
20260825,1000000000000388,71970673,0,39,203,B,2,O,4959.72,1,4769.99,1,124.22,1,65.51,1
20260902,1000000000000389,35573950,0,9,182,B,10,S,4818.34,1,4792.36,1,22.21,1,3.77,1
20260825,1000000000000389,35573950,0,29,185,A,2,F,4818.34,1,4818.34,1,0.0,0,0.0,0
20260902,1000000000000390,84252324,0,37,236,B,10,O,7153.07,1,7153.07,1,0.0,0,0.0,0
20260825,1000000000000390,84252324,0,21,210,A,10,O,7153.07,1,7153.07,1,0.0,0,0.0,0
20260902,1000000000000391,63073432,0,21,180,A,25,S,9746.63,1,9746.63,1,0.0,0,0.0,0
20260825,1000000000000391,63073432,0,48,177,A,25,O,9746.63,1,9746.63,1,0.0,0,0.0,0
20260902,1000000000000392,34136369,0,48,204,B,10,S,11584.57,1,11304.65,1,278.35,1,1.57,1
20260825,1000000000000392,34136369,0,26,187,A,25,O,11584.57,1,11584.57,1,0.0,0,0.0,0
20260902,1000000000000393,55637492,0,39,180,B,2,S,8145.21,1,8145.21,1,0.0,0,0.0,0
20260825,1000000000000393,55637492,0,18,234,B,2,S,8145.21,1,8145.21,1,0.0,0,0.0,0
20260902,1000000000000394,88240769,0,28,221,A,10,F,6173.51,1,6173.51,1,0.0,0,0.0,0
20260825,1000000000000394,88240769,0,32,237,B,18,F,6173.51,1,6173.51,1,0.0,0,0.0,0
20260902,1000000000000395,55252462,0,32,186,B,10,F,7271.35,1,7271.35,1,0.0,0,0.0,0
20260825,1000000000000395,55252462,0,18,227,B,25,S,7271.35,1,7271.35,1,0.0,0,0.0,0
20260902,1000000000000396,78770890,0,5,223,B,18,F,5833.83,1,5833.83,1,0.0,0,0.0,0
20260825,1000000000000396,78770890,0,28,231,B,18,S,5833.83,1,5783.77,1,36.77,1,13.29,1
20260902,1000000000000397,23082350,0,21,244,A,10,O,6206.23,1,6206.23,1,0.0,0,0.0,0
20260825,1000000000000397,23082350,0,6,181,A,10,S,6206.23,1,6206.23,1,0.0,0,0.0,0
20260902,1000000000000398,54220000,0,26,224,B,25,F,20302.12,1,20302.12,1,0.0,0,0.0,0
20260825,1000000000000398,54220000,0,10,227,A,2,S,20302.12,1,20302.12,1,0.0,0,0.0,0
20260902,1000000000000399,44086060,0,9,233,A,10,S,5284.58,1,5284.58,1,0.0,0,0.0,0
20260825,1000000000000399,44086060,0,17,246,B,18,O,5284.58,1,5284.58,1,0.0,0,0.0,0
20260902,1000000000000400,50199913,1,34,112,B,10,S,16113.82,1,10653.06,1,4058.68,1,1402.08,1
20260825,1000000000000400,50199913,1,37,117,B,10,O,16113.82,1,9648.16,1,4560.27,1,1905.39,1
20260902,1000000000000401,66269520,0,19,186,B,10,F,18523.31,1,18523.31,1,0.0,0,0.0,0
20260825,1000000000000401,66269520,0,11,171,B,25,S,18523.31,1,18167.35,1,269.9,1,86.06,1
20260902,1000000000000402,12670558,1,32,123,C,10,O,8351.6,1,5509.29,1,2194.55,1,647.76,1
20260825,1000000000000402,12670558,1,36,170,B,25,S,8351.6,1,5004.63,1,2545.45,1,801.52,1
20260902,1000000000000403,52265790,0,49,209,A,10,S,9083.89,1,9083.89,1,0.0,0,0.0,0
20260825,1000000000000403,52265790,0,37,178,A,2,O,9083.89,1,9083.89,1,0.0,0,0.0,0
20260902,1000000000000404,48137561,0,45,184,B,2,S,14032.4,1,14032.4,1,0.0,0,0.0,0
20260825,1000000000000404,48137561,0,39,244,A,25,F,14032.4,1,14032.4,1,0.0,0,0.0,0
20260902,1000000000000405,63882408,2,13,128,C,25,O,16255.31,1,6729.13,1,5901.65,1,3624.53,1
20260825,1000000000000405,63882408,2,28,126,B,10,S,16255.31,1,7696.8,1,6139.63,1,2418.88,1
20260902,1000000000000406,26550554,0,13,212,B,18,O,26394.2,1,26394.2,1,0.0,0,0.0,0
20260825,1000000000000406,26550554,0,1,215,A,18,S,26394.2,1,26394.2,1,0.0,0,0.0,0
20260902,1000000000000407,31458327,0,13,202,A,10,S,15828.34,1,15828.34,1,0.0,0,0.0,0
20260825,1000000000000407,31458327,0,2,213,A,2,F,15828.34,1,15828.34,1,0.0,0,0.0,0
20260902,1000000000000408,83242696,4,36,132,D,2,S,18560.39,1,5872.03,1,9376.79,1,3311.57,1
20260825,1000000000000408,83242696,4,26,105,C,10,S,18560.39,1,3472.3,1,9698.28,1,5389.81,1
20260902,1000000000000409,15491199,0,17,211,A,10,S,8329.92,1,8329.92,1,0.0,0,0.0,0
20260825,1000000000000409,15491199,0,11,219,B,25,F,8329.92,1,8329.92,1,0.0,0,0.0,0
20260902,1000000000000410,57473757,0,48,245,A,25,F,13109.98,1,13109.98,1,0.0,0,0.0,0
20260825,1000000000000410,57473757,0,41,172,A,10,S,13109.98,1,13109.98,1,0.0,0,0.0,0
20260902,1000000000000411,85433047,0,11,235,B,25,F,10220.2,1,10220.2,1,0.0,0,0.0,0
20260825,1000000000000411,85433047,0,18,225,B,2,S,10220.2,1,10220.2,1,0.0,0,0.0,0
20260902,1000000000000412,79891321,0,42,204,A,2,S,2175.0,1,2175.0,1,0.0,0,0.0,0
20260825,1000000000000412,79891321,0,33,170,B,25,S,2175.0,1,2175.0,1,0.0,0,0.0,0
20260902,1000000000000413,72665203,0,30,179,B,18,O,5649.55,1,5649.55,1,0.0,0,0.0,0
20260825,1000000000000413,72665203,0,12,229,A,18,O,5649.55,1,5649.55,1,0.0,0,0.0,0
20260902,1000000000000414,25203340,0,49,232,B,25,F,4161.58,1,4161.58,1,0.0,0,0.0,0
20260825,1000000000000414,25203340,0,36,221,A,18,S,4161.58,1,4161.58,1,0.0,0,0.0,0
20260902,1000000000000415,62248036,0,21,219,A,10,F,8718.29,1,8718.29,1,0.0,0,0.0,0
20260825,1000000000000415,62248036,0,10,229,B,10,S,8718.29,1,8718.29,1,0.0,0,0.0,0
20260902,1000000000000416,57303591,2,49,132,B,25,O,27194.67,1,11706.73,1,11497.84,1,3990.1,1
20260825,1000000000000416,57303591,2,20,122,B,18,F,27194.67,1,14413.74,1,11450.65,1,1330.28,1
20260902,1000000000000417,77259613,0,8,199,B,2,F,5103.41,1,5103.41,1,0.0,0,0.0,0
20260825,1000000000000417,77259613,0,22,218,A,18,S,5103.41,1,4887.72,1,171.26,1,44.43,1
20260902,1000000000000418,36726532,0,30,249,A,2,S,8920.79,1,8920.79,1,0.0,0,0.0,0
20260825,1000000000000418,36726532,0,8,186,A,2,O,8920.79,1,8920.79,1,0.0,0,0.0,0
20260902,1000000000000419,86670571,0,28,235,B,25,F,10963.13,1,10963.13,1,0.0,0,0.0,0
20260825,1000000000000419,86670571,0,4,232,B,10,F,10963.13,1,10963.13,1,0.0,0,0.0,0
20260902,1000000000000420,91117376,0,11,181,A,18,O,1650.0,1,1650.0,1,0.0,0,0.0,0
20260825,1000000000000420,91117376,0,25,172,B,10,S,1650.0,1,1650.0,1,0.0,0,0.0,0
20260902,1000000000000421,72336444,0,14,198,A,18,S,21703.5,1,21703.5,1,0.0,0,0.0,0
20260825,1000000000000421,72336444,0,28,228,B,10,O,21703.5,1,21703.5,1,0.0,0,0.0,0
20260902,1000000000000422,27511429,0,19,191,B,10,F,6338.93,1,6338.93,1,0.0,0,0.0,0
20260825,1000000000000422,27511429,0,48,205,A,18,S,6338.93,1,6338.93,1,0.0,0,0.0,0
20260902,1000000000000423,82353670,4,25,167,C,2,S,6292.79,1,1083.18,1,3808.27,1,1401.34,1
20260825,1000000000000423,82353670,4,31,114,D,10,O,6292.79,1,1533.08,1,4037.11,1,722.6,1
20260902,1000000000000424,76992183,0,50,220,B,2,S,22431.45,1,22431.45,1,0.0,0,0.0,0
20260825,1000000000000424,76992183,0,36,226,A,10,F,22431.45,1,22431.45,1,0.0,0,0.0,0
20260902,1000000000000425,84621602,0,50,231,A,10,O,25951.01,1,25951.01,1,0.0,0,0.0,0
20260825,1000000000000425,84621602,0,7,190,B,18,O,25951.01,1,25951.01,1,0.0,0,0.0,0
20260902,1000000000000426,21041247,0,12,189,B,25,O,7273.92,1,7273.92,1,0.0,0,0.0,0
20260825,1000000000000426,21041247,0,20,180,B,25,F,7273.92,1,7273.92,1,0.0,0,0.0,0
20260902,1000000000000427,26730079,0,22,188,B,10,S,4337.74,1,4337.74,1,0.0,0,0.0,0
20260825,1000000000000427,26730079,0,25,193,A,2,O,4337.74,1,4337.74,1,0.0,0,0.0,0
20260902,1000000000000428,75630349,0,34,209,A,25,S,11255.21,1,11255.21,1,0.0,0,0.0,0
20260825,1000000000000428,75630349,0,21,186,A,25,O,11255.21,1,10855.7,1,258.5,1,141.01,1
20260902,1000000000000429,53826571,0,45,221,A,25,S,14144.73,1,14144.73,1,0.0,0,0.0,0
20260825,1000000000000429,53826571,0,17,171,A,2,S,14144.73,1,14144.73,1,0.0,0,0.0,0
20260902,1000000000000430,95771994,0,13,215,B,18,S,2725.0,1,2725.0,1,0.0,0,0.0,0
20260825,1000000000000430,95771994,0,50,230,B,2,F,2725.0,1,2725.0,1,0.0,0,0.0,0
20260902,1000000000000431,30929060,0,12,189,B,18,F,17006.63,1,17006.63,1,0.0,0,0.0,0
20260825,1000000000000431,30929060,0,27,180,B,2,F,17006.63,1,17006.63,1,0.0,0,0.0,0
20260902,1000000000000432,55464764,0,34,223,B,18,F,7373.49,1,7373.49,1,0.0,0,0.0,0
20260825,1000000000000432,55464764,0,35,233,A,25,F,7373.49,1,7373.49,1,0.0,0,0.0,0
20260902,1000000000000433,60676241,0,31,224,B,25,F,25780.31,1,25780.31,1,0.0,0,0.0,0
20260825,1000000000000433,60676241,0,32,201,A,18,S,25780.31,1,25780.31,1,0.0,0,0.0,0
20260902,1000000000000434,65380076,4,21,162,D,25,F,3265.53,1,787.41,1,1848.33,1,629.79,1
20260825,1000000000000434,65380076,4,22,105,C,18,S,3265.53,1,620.22,1,1780.66,1,864.65,1
20260902,1000000000000435,58616740,0,14,203,B,25,F,2025.0,1,2025.0,1,0.0,0,0.0,0
20260825,1000000000000435,58616740,0,21,190,A,10,O,2025.0,1,2025.0,1,0.0,0,0.0,0
20260902,1000000000000436,63603995,0,3,245,A,2,F,23615.64,1,23615.64,1,0.0,0,0.0,0
20260825,1000000000000436,63603995,0,10,248,A,10,F,23615.64,1,23615.64,1,0.0,0,0.0,0
20260902,1000000000000437,30625229,0,50,235,B,10,O,20628.16,1,20618.02,1,9.61,1,0.53,1
20260825,1000000000000437,30625229,0,20,236,A,18,S,20628.16,1,20628.16,1,0.0,0,0.0,0
20260902,1000000000000438,46281375,0,45,226,B,18,S,1400.0,1,1400.0,1,0.0,0,0.0,0
20260825,1000000000000438,46281375,0,24,182,B,10,O,1400.0,1,1400.0,1,0.0,0,0.0,0
20260902,1000000000000439,60443793,0,20,216,B,10,O,5175.52,1,5175.52,1,0.0,0,0.0,0
20260825,1000000000000439,60443793,0,37,170,B,25,F,5175.52,1,5175.52,1,0.0,0,0.0,0
20260902,1000000000000440,73318176,0,25,192,B,2,S,5631.97,1,5631.97,1,0.0,0,0.0,0
20260825,1000000000000440,73318176,0,10,181,A,10,O,5631.97,1,5631.97,1,0.0,0,0.0,0
20260902,1000000000000441,33288072,0,13,240,A,25,S,11731.31,1,11731.31,1,0.0,0,0.0,0
20260825,1000000000000441,33288072,0,48,203,A,18,F,11731.31,1,11159.83,1,427.71,1,143.77,1
20260902,1000000000000442,31281703,0,33,203,A,10,F,21664.34,1,21664.34,1,0.0,0,0.0,0
20260825,1000000000000442,31281703,0,41,246,B,25,S,21664.34,1,21664.34,1,0.0,0,0.0,0
20260902,1000000000000443,13537149,1,20,166,B,25,O,1900.0,1,1089.32,1,789.17,1,21.51,1
20260825,1000000000000443,13537149,1,50,169,C,2,O,1900.0,1,1041.31,1,672.95,1,185.74,1
20260902,1000000000000444,81398863,0,32,199,A,25,F,6469.07,1,6469.07,1,0.0,0,0.0,0
20260825,1000000000000444,81398863,0,14,178,B,25,O,6469.07,1,6438.9,1,22.89,1,7.28,1
20260902,1000000000000445,16241172,2,41,144,C,25,S,1925.0,1,821.61,1,791.14,1,312.25,1
20260825,1000000000000445,16241172,2,9,123,B,2,O,1925.0,1,1057.11,1,726.62,1,141.27,1
20260902,1000000000000446,70454821,0,37,230,A,10,S,800.0,1,800.0,1,0.0,0,0.0,0
20260825,1000000000000446,70454821,0,19,248,B,10,F,800.0,1,800.0,1,0.0,0,0.0,0
20260902,1000000000000447,16310272,0,40,235,A,25,O,18283.56,1,18283.56,1,0.0,0,0.0,0
20260825,1000000000000447,16310272,0,27,246,B,25,S,18283.56,1,18283.56,1,0.0,0,0.0,0
20260902,1000000000000448,54795481,0,48,184,A,18,F,9040.53,1,9040.53,1,0.0,0,0.0,0
20260825,1000000000000448,54795481,0,12,224,B,25,F,9040.53,1,9040.53,1,0.0,0,0.0,0
20260902,1000000000000449,65456043,0,47,220,B,10,O,1600.0,1,1600.0,1,0.0,0,0.0,0
20260825,1000000000000449,65456043,0,2,238,B,25,S,1600.0,1,1600.0,1,0.0,0,0.0,0
20260902,1000000000000450,27878463,0,38,235,A,2,S,20297.25,1,20297.25,1,0.0,0,0.0,0
20260825,1000000000000450,27878463,0,20,235,B,2,O,20297.25,1,19975.1,1,260.64,1,61.51,1
20260902,1000000000000451,68008368,0,19,197,B,10,O,14492.51,1,14492.51,1,0.0,0,0.0,0
20260825,1000000000000451,68008368,0,9,237,A,18,S,14492.51,1,14492.51,1,0.0,0,0.0,0
20260902,1000000000000452,49565649,5,43,133,C,2,F,4223.21,1,319.48,1,2718.34,1,1185.39,1
20260825,1000000000000452,49565649,5,50,116,C,10,F,4223.21,1,258.35,1,3036.87,1,927.99,1
20260902,1000000000000453,29020912,0,15,202,B,10,O,1900.0,1,1900.0,1,0.0,0,0.0,0
20260825,1000000000000453,29020912,0,10,195,A,25,O,1900.0,1,1807.63,1,73.32,1,19.05,1
20260902,1000000000000454,18606206,0,42,213,A,18,F,13707.15,1,13707.15,1,0.0,0,0.0,0
20260825,1000000000000454,18606206,0,14,171,A,2,O,13707.15,1,13707.15,1,0.0,0,0.0,0
20260902,1000000000000455,99295379,0,14,197,A,10,O,8814.51,1,8814.51,1,0.0,0,0.0,0
20260825,1000000000000455,99295379,0,31,197,A,10,F,8814.51,1,8814.51,1,0.0,0,0.0,0
20260902,1000000000000456,47276960,0,8,229,B,25,S,12718.33,1,12718.33,1,0.0,0,0.0,0
20260825,1000000000000456,47276960,0,27,214,A,25,F,12718.33,1,12718.33,1,0.0,0,0.0,0
20260902,1000000000000457,78308735,0,33,211,B,2,S,2526.0,1,2526.0,1,0.0,0,0.0,0
20260825,1000000000000457,78308735,0,12,190,A,2,F,2526.0,1,2526.0,1,0.0,0,0.0,0
20260902,1000000000000458,99182706,0,10,227,B,2,S,9599.43,1,9460.08,1,90.56,1,48.79,1
20260825,1000000000000458,99182706,0,15,236,A,10,F,9599.43,1,9599.43,1,0.0,0,0.0,0
20260902,1000000000000459,98276697,0,25,209,A,2,F,9567.67,1,9567.67,1,0.0,0,0.0,0
20260825,1000000000000459,98276697,0,44,177,B,25,S,9567.67,1,9567.67,1,0.0,0,0.0,0
20260902,1000000000000460,94858086,0,2,241,A,2,O,7744.16,1,7744.16,1,0.0,0,0.0,0
20260825,1000000000000460,94858086,0,13,179,B,10,S,7744.16,1,7744.16,1,0.0,0,0.0,0
20260902,1000000000000461,28902357,0,44,183,A,18,F,15498.04,1,15498.04,1,0.0,0,0.0,0
20260825,1000000000000461,28902357,0,38,215,A,10,F,15498.04,1,15498.04,1,0.0,0,0.0,0
20260902,1000000000000462,26002695,0,22,202,A,2,S,9844.1,1,9844.1,1,0.0,0,0.0,0
20260825,1000000000000462,26002695,0,27,174,A,25,S,9844.1,1,9844.1,1,0.0,0,0.0,0
20260902,1000000000000463,94535600,0,14,216,A,18,O,11834.7,1,11834.7,1,0.0,0,0.0,0
20260825,1000000000000463,94535600,0,10,198,A,25,O,11834.7,1,11834.7,1,0.0,0,0.0,0
20260902,1000000000000464,72872905,0,38,183,B,2,F,20771.36,1,20771.36,1,0.0,0,0.0,0
20260825,1000000000000464,72872905,0,20,187,A,18,O,20771.36,1,20771.36,1,0.0,0,0.0,0
20260902,1000000000000465,65768929,4,14,140,C,25,S,4438.72,1,1129.67,1,2246.89,1,1062.16,1
20260825,1000000000000465,65768929,4,39,141,D,18,F,4438.72,1,1032.49,1,3348.18,1,58.05,1
20260902,1000000000000466,22571942,2,36,126,B,18,S,2875.0,1,1192.74,1,1217.34,1,464.92,1
20260825,1000000000000466,22571942,2,1,170,C,25,S,2875.0,1,1397.02,1,913.12,1,564.86,1
20260902,1000000000000467,33265233,0,10,189,B,2,S,11084.79,1,11084.79,1,0.0,0,0.0,0
20260825,1000000000000467,33265233,0,13,230,A,10,F,11084.79,1,10747.98,1,314.94,1,21.87,1
20260902,1000000000000468,97581747,0,21,175,A,2,F,1975.0,1,1975.0,1,0.0,0,0.0,0
20260825,1000000000000468,97581747,0,39,202,B,10,S,1975.0,1,1975.0,1,0.0,0,0.0,0
20260902,1000000000000469,59137176,0,36,250,A,2,S,8889.69,1,8889.69,1,0.0,0,0.0,0
20260825,1000000000000469,59137176,0,22,195,A,10,O,8889.69,1,8889.69,1,0.0,0,0.0,0
20260902,1000000000000470,75727209,0,48,207,A,25,S,15603.62,1,15603.62,1,0.0,0,0.0,0
20260825,1000000000000470,75727209,0,13,182,B,18,O,15603.62,1,15603.62,1,0.0,0,0.0,0
20260902,1000000000000471,22863109,0,32,208,B,10,O,10073.22,1,10073.22,1,0.0,0,0.0,0
20260825,1000000000000471,22863109,0,4,235,B,25,O,10073.22,1,10073.22,1,0.0,0,0.0,0
20260902,1000000000000472,87023282,2,36,156,C,10,O,19760.4,1,10025.78,1,5875.91,1,3858.71,1
20260825,1000000000000472,87023282,2,39,122,C,25,F,19760.4,1,10114.17,1,6979.04,1,2667.19,1
20260902,1000000000000473,15700938,0,6,236,B,2,S,16280.19,1,16280.19,1,0.0,0,0.0,0
20260825,1000000000000473,15700938,0,6,227,B,10,O,16280.19,1,16280.19,1,0.0,0,0.0,0
20260902,1000000000000474,75248523,2,41,158,B,25,O,11771.81,1,5881.94,1,4207.43,1,1682.44,1
20260825,1000000000000474,75248523,2,47,114,B,2,F,11771.81,1,5650.88,1,5769.43,1,351.5,1
20260902,1000000000000475,51294087,0,1,204,B,18,O,14824.96,1,14824.96,1,0.0,0,0.0,0
20260825,1000000000000475,51294087,0,33,196,B,18,S,14824.96,1,14563.59,1,179.17,1,82.2,1
20260902,1000000000000476,12681552,2,2,114,C,10,F,11123.84,1,6111.73,1,3726.75,1,1285.36,1
20260825,1000000000000476,12681552,2,11,102,C,2,O,11123.84,1,6181.13,1,3612.39,1,1330.32,1
20260902,1000000000000477,60992202,0,37,233,B,2,S,3012.07,1,3012.07,1,0.0,0,0.0,0
20260825,1000000000000477,60992202,0,43,197,A,2,O,3012.07,1,3012.07,1,0.0,0,0.0,0
20260902,1000000000000478,40581366,0,46,191,A,10,F,2445.4,1,2445.4,1,0.0,0,0.0,0
20260825,1000000000000478,40581366,0,19,219,A,18,F,2445.4,1,2445.4,1,0.0,0,0.0,0
20260902,1000000000000479,66455962,0,23,245,A,2,F,5310.89,1,5310.89,1,0.0,0,0.0,0
20260825,1000000000000479,66455962,0,47,235,A,25,F,5310.89,1,5310.89,1,0.0,0,0.0,0
20260902,1000000000000480,24406372,0,1,239,B,10,S,19699.17,1,19699.17,1,0.0,0,0.0,0
20260825,1000000000000480,24406372,0,15,217,B,10,S,19699.17,1,18792.15,1,714.47,1,192.55,1
20260902,1000000000000481,49569133,0,3,236,A,25,S,11758.51,1,11758.51,1,0.0,0,0.0,0
20260825,1000000000000481,49569133,0,9,183,B,25,S,11758.51,1,11354.95,1,257.67,1,145.89,1
20260902,1000000000000482,16224977,0,37,182,A,2,S,3975.1,1,3975.1,1,0.0,0,0.0,0
20260825,1000000000000482,16224977,0,34,230,B,10,O,3975.1,1,3975.1,1,0.0,0,0.0,0
20260902,1000000000000483,65186005,0,2,229,A,2,F,1750.0,1,1750.0,1,0.0,0,0.0,0
20260825,1000000000000483,65186005,0,42,248,B,10,S,1750.0,1,1750.0,1,0.0,0,0.0,0
20260902,1000000000000484,68800797,0,25,204,A,2,F,7245.03,1,7245.03,1,0.0,0,0.0,0
20260825,1000000000000484,68800797,0,20,239,B,10,F,7245.03,1,7245.03,1,0.0,0,0.0,0
20260902,1000000000000485,96672678,0,4,216,B,10,O,17318.62,1,17318.62,1,0.0,0,0.0,0
20260825,1000000000000485,96672678,0,41,223,B,2,S,17318.62,1,17318.62,1,0.0,0,0.0,0
20260902,1000000000000486,45499094,0,23,197,B,18,S,5133.25,1,5133.25,1,0.0,0,0.0,0
20260825,1000000000000486,45499094,0,14,217,A,25,O,5133.25,1,5133.25,1,0.0,0,0.0,0
20260902,1000000000000487,21681090,0,47,181,A,25,S,10639.01,1,10639.01,1,0.0,0,0.0,0
20260825,1000000000000487,21681090,0,26,227,A,18,F,10639.01,1,10639.01,1,0.0,0,0.0,0
20260902,1000000000000488,89118492,0,12,221,A,25,S,15161.29,1,15161.29,1,0.0,0,0.0,0
20260825,1000000000000488,89118492,0,18,184,B,18,F,15161.29,1,15161.29,1,0.0,0,0.0,0
20260902,1000000000000489,95456010,0,15,182,A,2,S,15261.07,1,15261.07,1,0.0,0,0.0,0
20260825,1000000000000489,95456010,0,26,244,B,10,O,15261.07,1,14876.66,1,233.17,1,151.24,1
20260902,1000000000000490,46906305,0,45,220,A,2,O,6479.26,1,6479.26,1,0.0,0,0.0,0
20260825,1000000000000490,46906305,0,42,235,B,2,O,6479.26,1,6479.26,1,0.0,0,0.0,0
20260902,1000000000000491,22146359,0,5,223,A,10,S,2025.0,1,2025.0,1,0.0,0,0.0,0
20260825,1000000000000491,22146359,0,46,218,B,18,F,2025.0,1,2025.0,1,0.0,0,0.0,0
20260902,1000000000000492,22628163,0,2,181,A,25,S,8370.59,1,8370.59,1,0.0,0,0.0,0
20260825,1000000000000492,22628163,0,48,232,A,25,O,8370.59,1,8161.94,1,199.51,1,9.14,1
20260902,1000000000000493,91298909,0,27,176,B,2,F,6309.18,1,6309.18,1,0.0,0,0.0,0
20260825,1000000000000493,91298909,0,44,219,B,18,S,6309.18,1,6309.18,1,0.0,0,0.0,0
20260902,1000000000000494,17488610,0,12,234,A,2,S,2125.0,1,2125.0,1,0.0,0,0.0,0
20260825,1000000000000494,17488610,0,37,202,A,18,F,2125.0,1,2125.0,1,0.0,0,0.0,0
20260902,1000000000000495,85341065,1,41,159,C,10,S,6033.48,1,3910.69,1,1654.6,1,468.19,1
20260825,1000000000000495,85341065,1,7,155,B,10,F,6033.48,1,3814.82,1,1740.57,1,478.09,1
20260902,1000000000000496,96024494,0,50,172,A,2,S,33981.04,1,33981.04,1,0.0,0,0.0,0
20260825,1000000000000496,96024494,0,46,248,A,2,S,33981.04,1,33981.04,1,0.0,0,0.0,0
20260902,1000000000000497,13346501,0,16,215,B,25,O,10169.85,1,10169.85,1,0.0,0,0.0,0
20260825,1000000000000497,13346501,0,30,250,B,2,F,10169.85,1,10169.85,1,0.0,0,0.0,0
20260902,1000000000000498,87713623,0,47,201,B,10,F,4438.21,1,4438.21,1,0.0,0,0.0,0
20260825,1000000000000498,87713623,0,43,228,A,18,O,4438.21,1,4438.21,1,0.0,0,0.0,0
20260902,1000000000000499,11866548,2,47,136,C,2,O,10870.4,1,5229.21,1,4659.84,1,981.35,1
20260825,1000000000000499,11866548,2,15,137,B,10,S,10870.4,1,4833.19,1,3747.23,1,2289.98,1
